date,lightly_active_minutes,moderately_active_minutes,very_active_minutes,cardio_minutes,fat_burn_minutes,peak_minutes,sedentary_minutes,steps,distance,floors,calories,minutes_in_default_zone_1,minutes_below_default_zone_1,minutes_in_default_zone_2,minutes_in_default_zone_3,bpm,resting_hr,rmssd,filteredDemographicVO2Max,sleep_duration,timeInBed,light_sleep_minutes,deep_sleep_minutes,rem_sleep_minutes,wake_sleep_count,full_sleep_breathing_rate,sleep_score,stress_score
2024-04-04,195.72,32.04,48.05,0.0,25.0,0.0,1300.0,4517.0,3348.3,8.0,2049.0,91.0,459.0,3.0,0.0,65.6,56.94,31.86,50.49,480.34,480.34,306.74,52.05,54.75,31.96,16.17,78.29,78.88
2024-04-05,195.72,32.04,48.05,10.0,31.0,0.0,691.0,8280.0,6160.6,10.0,2509.0,178.0,1147.0,9.0,0.0,64.0,61.0,37.68,50.45,390.0,390.0,228.0,60.0,44.0,36.0,17.2,74.0,78.88
2024-04-06,195.72,32.04,48.05,4.0,5.0,0.0,618.0,5126.0,3820.7,22.0,2183.0,58.0,1283.0,2.0,0.0,61.0,60.0,31.4,50.45,626.0,626.0,414.0,50.0,75.0,44.0,17.2,85.0,78.88
2024-04-07,195.72,32.04,48.05,24.0,61.0,0.0,719.0,10568.0,7875.9,31.0,2580.0,119.0,1200.0,37.0,0.0,65.6,59.0,29.38,50.45,496.0,496.0,343.0,30.0,48.0,40.0,16.0,81.0,78.88
2024-04-08,195.72,32.04,48.05,22.0,94.0,0.0,647.0,13885.0,10226.8,74.0,3041.0,261.0,1074.0,28.0,4.0,65.6,59.0,35.37,50.48,448.0,448.0,221.0,65.0,101.0,27.0,15.8,81.0,78.88
2024-04-09,195.72,32.04,48.05,8.0,45.0,0.0,697.0,7136.0,5322.5,32.0,2383.0,100.0,1131.0,23.0,0.0,65.6,59.0,34.45,50.54,517.0,517.0,308.0,61.0,72.0,23.0,16.2,83.0,78.88
2024-04-10,195.72,32.04,48.05,2.0,61.0,0.0,763.0,8211.0,6122.5,37.0,2519.0,182.0,1160.0,6.0,0.0,65.6,58.0,34.98,50.58,406.0,406.0,280.0,36.0,30.0,26.0,16.0,75.0,78.88
2024-04-11,195.72,32.04,48.05,0.0,55.0,0.0,656.0,8937.0,6656.9,38.0,2554.0,167.0,1233.0,5.0,0.0,65.6,58.0,29.65,50.59,510.0,510.0,294.0,76.0,44.0,37.0,16.6,78.0,78.88
2024-04-12,195.72,32.04,48.05,84.0,73.0,2.0,584.0,11481.0,8371.0,11.0,2875.0,159.0,1120.0,70.0,1.0,65.6,59.0,34.08,50.62,573.0,573.0,389.0,33.0,75.0,31.0,16.2,86.0,78.88
2024-04-13,195.72,32.04,48.05,20.0,33.0,0.0,711.0,7730.0,5739.3,16.0,2406.0,84.0,1184.0,23.0,4.0,65.0,58.0,20.47,50.58,389.0,389.0,273.0,18.0,42.0,28.0,17.6,64.0,78.88
2024-04-14,195.72,32.04,48.05,58.0,87.0,2.0,1006.0,14089.0,8408.1,69.0,3040.0,218.0,858.0,60.0,6.0,78.0,56.94,31.86,50.62,480.34,480.34,306.74,52.05,54.75,31.96,16.17,78.29,78.88
2024-04-15,195.72,32.04,48.05,20.0,70.0,12.0,538.0,12827.0,9553.1,87.0,2879.0,156.0,1069.0,15.0,8.0,65.6,58.0,34.42,50.68,592.0,592.0,319.0,79.0,118.0,43.0,16.0,88.0,78.88
2024-04-16,195.72,32.04,48.05,28.0,57.0,0.0,677.0,11814.0,5158.9,59.0,2624.0,131.0,930.0,42.0,0.0,65.6,58.0,41.47,50.78,528.0,528.0,372.0,40.0,55.0,35.0,16.2,83.0,78.88
2024-04-17,195.72,32.04,48.05,66.0,81.0,6.0,546.0,18426.0,7770.5,135.0,3409.0,186.0,1048.0,93.0,13.0,65.6,56.0,33.75,50.86,501.0,501.0,363.0,49.0,23.0,43.0,16.6,73.0,78.88
2024-04-18,195.72,32.04,48.05,150.0,63.0,10.0,514.0,19826.0,6106.0,199.0,3562.0,164.0,1029.0,111.0,16.0,65.6,57.0,37.47,50.95,562.0,562.0,323.0,79.0,86.0,37.0,15.6,88.0,78.88
2024-04-19,195.72,32.04,48.05,90.0,110.0,0.0,555.0,20025.0,10748.2,169.0,3426.0,170.0,997.0,87.0,5.0,65.6,56.0,35.79,51.04,531.0,531.0,377.0,45.0,33.0,34.0,16.2,77.0,78.88
2024-04-20,195.72,32.04,48.05,50.0,108.0,0.0,548.0,15386.0,11440.6,181.0,3092.0,186.0,1047.0,51.0,2.0,65.6,56.0,35.9,51.13,571.0,571.0,356.0,49.0,83.0,42.0,16.0,85.0,78.88
2024-04-21,195.72,32.04,48.05,30.0,62.0,0.0,658.0,9069.0,6644.1,82.0,2649.0,154.0,1186.0,18.0,1.0,65.6,55.0,38.54,51.19,502.0,502.0,268.0,65.0,57.0,24.0,16.2,64.0,78.88
2024-04-22,195.72,32.04,48.05,0.0,71.0,0.0,658.0,9935.0,7388.2,76.0,2645.0,131.0,1184.0,21.0,0.0,60.0,56.0,42.26,51.31,508.0,508.0,279.0,55.0,97.0,40.0,15.8,84.0,78.88
2024-04-23,195.72,32.04,48.05,108.0,56.0,10.0,613.0,17112.0,6029.8,129.0,3349.0,142.0,991.0,75.0,18.0,65.6,54.0,44.92,51.44,496.0,496.0,322.0,39.0,47.0,31.0,16.0,72.0,78.88
2024-04-24,195.72,32.04,48.05,2.0,18.0,6.0,677.0,8594.0,6400.3,72.0,2582.0,138.0,1236.0,3.0,3.0,60.0,54.0,38.86,51.53,476.0,476.0,312.0,58.0,49.0,42.0,15.8,80.0,78.88
2024-04-25,195.72,32.04,48.05,78.0,37.0,6.0,678.0,12424.0,5535.0,66.0,2891.0,60.0,1172.0,55.0,14.0,73.0,54.0,31.58,51.59,481.0,481.0,277.0,59.0,59.0,31.0,16.8,70.0,78.88
2024-04-26,195.72,32.04,48.05,10.0,43.0,0.0,701.0,8411.0,6196.8,41.0,2494.0,93.0,1110.0,15.0,0.0,65.6,55.0,36.73,51.64,501.0,501.0,307.0,76.0,35.0,36.0,15.8,74.0,78.88
2024-04-27,195.72,32.04,48.05,96.0,110.0,4.0,548.0,15692.0,9021.1,88.0,3396.0,178.0,1093.0,83.0,8.0,65.6,55.0,31.16,51.65,488.0,488.0,318.0,59.0,45.0,43.0,16.6,78.0,78.88
2024-04-28,195.72,32.04,48.05,126.0,36.0,6.0,659.0,13968.0,5689.0,106.0,3110.0,137.0,937.0,91.0,7.0,65.6,56.0,34.11,51.63,483.0,483.0,313.0,48.0,42.0,27.0,16.2,73.0,78.88
2024-04-29,195.72,32.04,48.05,82.0,68.0,16.0,535.0,17667.0,7802.0,125.0,3427.0,159.0,1083.0,81.0,15.0,80.0,56.0,28.36,51.62,505.0,505.0,301.0,49.0,77.0,39.0,17.4,79.0,78.88
2024-04-30,195.72,32.04,48.05,26.0,79.0,0.0,594.0,12877.0,9501.4,145.0,3101.0,239.0,1101.0,41.0,1.0,65.6,56.0,37.48,51.63,478.0,478.0,307.0,44.0,50.0,26.0,16.4,75.0,78.88
2024-05-01,195.72,32.04,48.05,134.0,73.0,0.0,682.0,18697.0,9255.9,136.0,3505.0,214.0,934.0,98.0,0.0,79.0,56.0,42.5,51.66,361.0,361.0,210.0,49.0,50.0,27.0,16.8,75.0,78.88
2024-05-02,195.72,32.04,48.05,92.0,101.0,2.0,481.0,22911.0,12538.8,232.0,3802.0,202.0,1098.0,73.0,5.0,65.6,55.0,33.2,51.69,489.0,489.0,294.0,69.0,69.0,34.0,16.4,79.0,78.88
2024-05-03,195.72,32.04,48.05,20.0,98.0,2.0,1112.0,15013.0,11132.3,47.0,3023.0,140.0,705.0,47.0,2.0,65.6,56.94,31.86,51.71,480.34,480.34,306.74,52.05,54.75,31.96,16.17,78.29,78.88
2024-05-04,195.72,32.04,48.05,16.0,75.0,4.0,577.0,11827.0,8820.5,59.0,2979.0,169.0,1196.0,21.0,5.0,65.6,55.0,42.52,51.76,507.0,507.0,344.0,36.0,65.0,32.0,16.6,82.0,78.88
2024-05-05,195.72,32.04,48.05,4.0,124.0,0.0,517.0,14581.0,10819.4,101.0,3248.0,257.0,1040.0,20.0,0.0,65.6,54.0,39.66,51.84,546.0,546.0,305.0,60.0,104.0,35.0,16.8,81.0,78.88
2024-05-06,195.72,32.04,48.05,0.0,18.0,0.0,759.0,5945.0,4429.7,27.0,2517.0,221.0,1173.0,3.0,0.0,65.6,53.0,27.45,51.89,404.0,404.0,272.0,38.0,28.0,28.0,16.4,64.0,78.88
2024-05-07,195.72,32.04,48.05,0.0,33.0,0.0,719.0,8510.0,6345.1,25.0,2675.0,373.0,1030.0,4.0,0.0,65.6,56.0,27.66,51.85,393.0,393.0,238.0,60.0,44.0,32.0,17.2,72.0,78.88
2024-05-08,195.72,32.04,48.05,0.0,28.0,0.0,837.0,5004.0,3729.6,21.0,2225.0,161.0,927.0,2.0,0.0,65.6,58.0,28.87,51.79,444.0,444.0,286.0,44.0,18.0,38.0,16.0,60.0,78.88
2024-05-09,195.72,32.04,48.05,14.0,41.0,0.0,735.0,9296.0,6931.2,41.0,2745.0,281.0,1063.0,19.0,0.0,65.6,58.0,33.16,51.72,411.0,411.0,259.0,47.0,51.0,36.0,15.6,77.0,78.88
2024-05-10,195.72,32.04,48.05,26.0,71.0,0.0,934.0,13571.0,10120.4,88.0,2936.0,154.0,1250.0,10.0,0.0,65.6,59.0,37.92,51.63,250.0,250.0,185.0,12.0,24.0,19.0,16.0,67.0,78.88
2024-05-11,195.72,32.04,48.05,10.0,63.0,0.0,875.0,13017.0,9711.7,46.0,2713.0,187.0,1193.0,28.0,1.0,65.6,59.0,33.79,51.58,248.0,248.0,163.0,47.0,5.0,18.0,15.8,67.0,78.88
2024-05-12,195.72,32.04,48.05,8.0,109.0,0.0,599.0,13772.0,10266.9,70.0,2960.0,186.0,1136.0,30.0,0.0,65.6,59.0,35.03,51.6,466.0,466.0,344.0,7.0,58.0,28.0,15.2,76.0,78.88
2024-05-13,195.72,32.04,48.05,56.0,77.0,8.0,611.0,13187.0,7941.0,80.0,3059.0,245.0,694.0,65.0,7.0,65.6,57.0,31.84,51.57,533.0,533.0,358.0,41.0,49.0,37.0,16.8,77.0,78.88
2024-05-14,195.72,32.04,48.05,12.0,25.0,2.0,1121.0,7072.0,5273.1,52.0,2352.0,202.0,838.0,11.0,4.0,65.6,56.94,31.86,51.52,480.34,480.34,306.74,52.05,54.75,31.96,16.17,78.29,78.88
2024-05-15,195.72,32.04,48.05,10.0,39.0,0.0,767.0,9092.0,6780.4,57.0,2479.0,271.0,1112.0,30.0,2.0,71.0,59.0,24.75,51.38,481.0,481.0,321.0,38.0,60.0,36.0,0.0,76.0,78.88
2024-05-16,214.0,57.0,107.0,38.0,140.0,0.0,528.0,21175.0,15793.9,157.0,3401.0,410.0,860.0,108.0,0.0,65.6,61.0,23.58,51.14,522.0,522.0,364.0,29.0,68.0,27.0,18.6,77.0,78.88
2024-05-17,130.0,20.0,35.0,22.0,53.0,0.0,635.0,7798.0,5816.0,49.0,2396.0,233.0,1113.0,51.0,4.0,65.6,64.0,22.28,50.86,519.0,519.0,371.0,39.0,46.0,40.0,0.0,79.0,78.88
2024-05-18,220.0,29.0,39.0,18.0,59.0,2.0,774.0,11201.0,8280.6,43.0,2727.0,307.0,1053.0,12.0,0.0,65.6,66.0,22.08,50.59,449.0,449.0,326.0,44.0,8.0,28.0,0.0,68.0,78.88
2024-05-19,140.0,44.0,59.0,48.0,51.0,12.0,659.0,9712.0,4735.3,64.0,2670.0,261.0,940.0,65.0,17.0,65.6,66.0,21.58,50.36,515.0,515.0,364.0,52.0,34.0,29.0,0.0,79.0,78.88
2024-05-20,205.0,89.0,94.0,74.0,115.0,6.0,626.0,18639.0,10487.8,167.0,3341.0,279.0,1029.0,82.0,8.0,65.6,66.0,30.08,50.26,421.0,421.0,271.0,78.0,25.0,29.0,18.0,77.0,78.88
2024-05-21,224.0,76.0,123.0,82.0,139.0,10.0,643.0,19166.0,11913.0,121.0,3570.0,232.0,822.0,112.0,13.0,83.0,64.0,29.56,50.24,383.0,383.0,272.0,36.0,31.0,23.0,18.2,74.0,78.88
2024-05-22,253.0,40.0,46.0,0.0,108.0,0.0,576.0,13900.0,10354.3,63.0,2907.0,331.0,918.0,43.0,0.0,65.6,62.0,30.51,50.23,530.0,530.0,321.0,66.0,63.0,39.0,17.8,80.0,78.88
2024-05-23,137.0,38.0,77.0,16.0,76.0,2.0,703.0,14012.0,10745.7,75.0,2781.0,154.0,1124.0,37.0,4.0,65.6,62.0,39.04,50.31,511.0,511.0,326.0,70.0,47.0,34.0,18.4,81.0,78.88
2024-05-24,141.0,35.0,120.0,96.0,102.0,2.0,638.0,11845.0,6273.2,85.0,3012.0,162.0,1151.0,86.0,5.0,65.6,60.0,24.94,50.38,508.0,508.0,313.0,38.0,86.0,29.0,17.6,84.0,78.88
2024-05-25,146.0,20.0,18.0,8.0,22.0,0.0,722.0,6881.0,5131.8,40.0,2245.0,70.0,1185.0,13.0,0.0,65.6,60.0,31.96,50.44,529.0,529.0,374.0,51.0,23.0,30.0,17.8,77.0,78.88
2024-05-26,212.0,50.0,129.0,142.0,108.0,6.0,596.0,14116.0,6624.2,85.0,3445.0,246.0,928.0,115.0,12.0,65.6,60.0,33.71,50.51,475.0,475.0,342.0,34.0,27.0,29.0,19.4,75.0,78.88
2024-05-27,142.0,54.0,173.0,94.0,152.0,10.0,543.0,21474.0,9484.3,151.0,3595.0,238.0,712.0,128.0,18.0,65.6,59.0,32.27,50.56,519.0,519.0,305.0,66.0,78.0,31.0,17.8,85.0,78.88
2024-05-28,155.0,27.0,51.0,10.0,83.0,0.0,769.0,9772.0,7232.0,19.0,2615.0,258.0,1118.0,31.0,0.0,65.6,60.0,29.44,50.55,426.0,426.0,272.0,57.0,42.0,24.0,27.6,74.0,78.88
2024-05-29,136.0,21.0,33.0,2.0,42.0,0.0,1286.0,9008.0,6520.4,8.0,2394.0,125.0,829.0,9.0,0.0,65.6,56.94,31.86,50.54,480.34,480.34,306.74,52.05,54.75,31.96,16.17,78.29,78.88
2024-05-30,252.0,3.0,11.0,6.0,19.0,0.0,622.0,7390.0,5464.6,19.0,2446.0,194.0,1193.0,12.0,0.0,65.6,61.0,28.3,50.59,554.0,554.0,372.0,42.0,60.0,37.0,18.4,79.0,78.88
2024-05-31,273.0,37.0,7.0,4.0,29.0,4.0,595.0,9150.0,6821.1,19.0,2686.0,234.0,1140.0,12.0,3.0,65.6,60.0,30.7,50.69,551.0,551.0,338.0,93.0,38.0,35.0,18.4,79.0,78.88
2024-06-01,131.0,25.0,147.0,26.0,118.0,0.0,669.0,18222.0,13595.6,71.0,3049.0,169.0,1170.0,45.0,2.0,65.6,59.0,36.19,50.77,442.0,442.0,318.0,42.0,35.0,28.0,18.2,79.0,78.88
2024-06-02,167.0,0.0,0.0,0.0,4.0,0.0,742.0,3194.0,2378.8,7.0,2024.0,60.0,1336.0,0.0,0.0,65.6,59.0,25.36,50.88,536.0,536.0,321.0,83.0,66.0,38.0,18.2,81.0,78.88
2024-06-03,145.0,50.0,35.0,16.0,59.0,0.0,783.0,9054.0,6754.1,43.0,2514.0,167.0,1159.0,20.0,0.0,65.6,58.0,38.62,51.02,421.0,421.0,237.0,75.0,44.0,23.0,17.8,75.0,78.88
2024-06-04,127.0,8.0,20.0,16.0,14.0,0.0,730.0,5103.0,3804.2,7.0,2171.0,80.0,1299.0,16.0,0.0,65.6,57.0,35.92,51.14,557.0,557.0,355.0,82.0,41.0,31.0,16.8,80.0,78.88
2024-06-05,110.0,26.0,16.0,4.0,25.0,0.0,775.0,5464.0,4075.4,18.0,2193.0,88.0,1303.0,4.0,0.0,62.0,57.0,29.35,51.23,513.0,513.0,323.0,54.0,57.0,34.0,17.0,79.0,78.88
2024-06-06,142.0,16.0,25.0,16.0,21.0,0.0,839.0,5836.0,4352.0,22.0,2233.0,47.0,1329.0,18.0,1.0,65.6,57.0,34.39,51.29,420.0,420.0,275.0,27.0,69.0,21.0,15.6,79.0,78.88
2024-06-07,147.0,5.0,17.0,2.0,18.0,0.0,731.0,5876.0,4380.9,14.0,2220.0,78.0,1238.0,8.0,0.0,65.6,58.0,30.46,51.4,457.0,457.0,291.0,33.0,68.0,27.0,17.0,79.0,78.88
2024-06-08,132.0,10.0,75.0,12.0,67.0,14.0,719.0,11520.0,8592.8,75.0,2614.0,115.0,1059.0,24.0,10.0,65.6,56.0,27.34,51.48,504.0,504.0,372.0,22.0,53.0,35.0,16.8,78.0,78.88
2024-06-09,211.0,17.0,43.0,16.0,50.0,0.0,709.0,10236.0,7627.6,52.0,2654.0,166.0,1202.0,20.0,0.0,65.6,57.0,42.3,51.57,460.0,460.0,327.0,20.0,39.0,25.0,16.8,72.0,78.88
2024-06-10,162.0,79.0,131.0,42.0,184.0,0.0,652.0,16907.0,12586.6,224.0,3708.0,359.0,975.0,65.0,0.0,65.6,56.0,32.65,51.67,418.0,418.0,269.0,42.0,61.0,29.0,15.4,76.0,78.88
2024-06-11,149.0,20.0,28.0,0.0,37.0,0.0,733.0,6222.0,4614.8,26.0,2317.0,96.0,1226.0,9.0,0.0,65.6,56.0,34.15,51.71,514.0,514.0,347.0,53.0,47.0,30.0,16.4,80.0,78.88
2024-06-12,163.0,0.0,13.0,12.0,6.0,6.0,781.0,4532.0,3377.3,18.0,2257.0,101.0,1250.0,12.0,6.0,65.6,57.0,28.52,51.68,477.0,477.0,320.0,51.0,48.0,32.0,16.8,76.0,78.88
2024-06-13,167.0,4.0,13.0,4.0,22.0,0.0,731.0,5691.0,4243.5,29.0,2229.0,83.0,1321.0,6.0,0.0,65.6,59.0,31.19,51.7,527.0,527.0,319.0,71.0,88.0,32.0,15.4,88.0,78.88
2024-06-14,169.0,33.0,98.0,12.0,82.0,0.0,591.0,16358.0,12144.5,115.0,2924.0,201.0,1156.0,23.0,5.0,67.0,57.0,33.54,51.72,548.0,548.0,301.0,63.0,116.0,29.0,16.6,88.0,78.88
2024-06-15,195.72,32.04,48.05,16.0,93.0,0.0,640.0,12990.0,9688.7,72.0,2813.0,172.0,1185.0,30.0,1.0,65.6,57.0,40.1,51.76,511.0,511.0,323.0,50.0,77.0,27.0,16.2,85.0,78.88
2024-06-16,195.72,32.04,48.05,24.0,35.0,0.0,724.0,7252.0,5408.1,25.0,2336.0,70.0,1232.0,24.0,1.0,65.6,57.0,40.03,51.83,526.0,526.0,368.0,42.0,51.0,37.0,16.0,80.0,78.88
2024-06-17,195.72,32.04,48.05,0.0,46.0,0.0,717.0,7408.0,5525.5,40.0,2413.0,168.0,1075.0,1.0,0.0,65.6,56.0,43.03,51.92,512.0,512.0,304.0,40.0,76.0,32.0,17.2,76.0,78.88
2024-06-18,195.72,32.04,48.05,144.0,152.0,0.0,538.0,16472.0,12005.9,162.0,3750.0,386.0,838.0,118.0,5.0,65.6,55.0,31.4,51.95,489.0,489.0,270.0,74.0,64.0,28.0,16.4,74.0,78.88
2024-06-19,195.72,32.04,48.05,20.0,67.0,0.0,642.0,8393.0,6259.1,28.0,2554.0,139.0,1221.0,28.0,2.0,65.6,57.0,27.61,51.9,554.0,554.0,328.0,69.0,67.0,33.0,16.0,75.0,78.88
2024-06-20,195.72,32.04,48.05,10.0,35.0,0.0,705.0,7545.0,5626.3,25.0,2454.0,158.0,1225.0,9.0,0.0,64.0,58.0,39.02,51.88,478.0,478.0,295.0,67.0,29.0,36.0,15.6,71.0,78.88
2024-06-21,195.72,32.04,48.05,12.0,73.0,0.0,701.0,13583.0,10028.1,39.0,2965.0,252.0,1110.0,31.0,0.0,65.6,58.0,31.3,51.84,384.0,384.0,269.0,30.0,27.0,37.0,16.8,70.0,78.88
2024-06-22,195.72,32.04,48.05,126.0,167.0,0.0,555.0,20527.0,15190.5,204.0,3963.0,362.0,734.0,127.0,6.0,65.6,58.0,36.76,51.81,454.0,454.0,270.0,62.0,61.0,34.0,15.8,79.0,78.88
2024-06-23,195.72,32.04,48.05,4.0,31.0,0.0,708.0,6828.0,5091.7,36.0,2315.0,145.0,1042.0,8.0,0.0,65.0,58.0,30.6,51.73,527.0,527.0,334.0,64.0,32.0,34.0,16.6,71.0,78.88
2024-06-24,195.72,32.04,48.05,4.0,49.0,0.0,779.0,7499.0,5593.4,29.0,2341.0,117.0,1277.0,11.0,0.0,65.6,60.0,38.82,51.67,471.0,471.0,310.0,39.0,60.0,27.0,16.4,79.0,78.88
2024-06-25,195.72,32.04,48.05,10.0,45.0,0.0,782.0,6346.0,4732.2,24.0,2344.0,82.0,1141.0,36.0,0.0,65.6,59.0,32.85,51.62,461.0,461.0,344.0,31.0,15.0,40.0,15.6,72.0,78.88
2024-06-26,195.72,32.04,48.05,4.0,35.0,0.0,839.0,7279.0,5417.0,31.0,2267.0,104.0,1264.0,13.0,0.0,65.6,59.0,39.56,51.6,432.0,432.0,267.0,30.0,69.0,35.0,16.4,78.0,78.88
2024-06-27,195.72,32.04,48.05,6.0,37.0,0.0,699.0,7042.0,5251.8,31.0,2344.0,146.0,1217.0,10.0,0.0,65.6,59.0,41.34,51.63,543.0,543.0,306.0,66.0,92.0,46.0,15.4,84.0,78.88
2024-06-28,195.72,32.04,48.05,56.0,147.0,0.0,568.0,17022.0,12553.2,138.0,3301.0,205.0,1085.0,90.0,0.0,65.6,57.0,37.6,51.64,519.0,519.0,344.0,52.0,67.0,36.0,16.2,84.0,78.88
2024-06-29,195.72,32.04,48.05,18.0,116.0,0.0,627.0,17093.0,12751.0,98.0,2986.0,172.0,1136.0,57.0,0.0,65.6,58.0,36.03,51.64,509.0,509.0,327.0,63.0,40.0,33.0,16.0,77.0,78.88
2024-06-30,195.72,32.04,48.05,14.0,22.0,0.0,708.0,6908.0,5138.1,31.0,2305.0,91.0,1154.0,16.0,0.0,65.6,58.0,42.62,51.69,536.0,536.0,319.0,73.0,77.0,31.0,15.4,83.0,78.88
2024-07-01,195.72,32.04,48.05,22.0,40.0,0.0,778.0,6993.0,5208.9,25.0,2378.0,104.0,1230.0,26.0,0.0,65.6,57.0,39.69,51.76,459.0,459.0,267.0,44.0,90.0,33.0,16.0,80.0,78.88
2024-07-02,195.72,32.04,48.05,66.0,124.0,0.0,628.0,11283.0,8221.5,84.0,3026.0,217.0,1095.0,72.0,1.0,70.0,56.0,39.41,51.8,506.0,506.0,300.0,83.0,56.0,33.0,16.2,82.0,78.88
2024-07-03,195.72,32.04,48.05,0.0,14.0,0.0,778.0,3560.0,2652.9,7.0,2016.0,48.0,1203.0,1.0,0.0,65.6,57.0,31.68,51.79,511.0,511.0,307.0,63.0,64.0,37.0,16.6,80.0,78.88
2024-07-04,195.72,32.04,48.05,6.0,46.0,12.0,666.0,14151.0,10405.7,36.0,2763.0,142.0,1249.0,15.0,7.0,65.6,58.0,35.04,51.8,478.0,478.0,264.0,64.0,86.0,28.0,15.6,82.0,78.88
2024-07-05,195.72,32.04,48.05,38.0,129.0,0.0,605.0,18290.0,13615.0,87.0,3108.0,212.0,1033.0,55.0,0.0,65.6,57.0,32.88,51.84,517.0,517.0,336.0,55.0,53.0,37.0,16.0,79.0,78.88
2024-07-06,195.72,32.04,48.05,10.0,52.0,0.0,638.0,11205.0,8323.7,65.0,2602.0,129.0,1237.0,11.0,0.0,65.6,57.0,35.69,51.9,553.0,553.0,315.0,57.0,109.0,39.0,16.4,88.0,78.88
2024-07-07,195.72,32.04,48.05,10.0,37.0,0.0,794.0,7012.0,5212.2,26.0,2400.0,123.0,1263.0,12.0,0.0,62.0,56.0,39.03,51.97,403.0,403.0,238.0,58.0,76.0,22.0,16.8,84.0,78.88
2024-07-08,195.72,32.04,48.05,16.0,43.0,0.0,534.0,9669.0,7178.8,19.0,2619.0,111.0,1263.0,19.0,0.0,65.6,55.0,35.03,52.02,629.0,629.0,341.0,75.0,138.0,39.0,16.8,85.0,78.88
2024-07-09,195.72,32.04,48.05,28.0,16.0,50.0,804.0,8376.0,7152.9,15.0,2365.0,33.0,922.0,22.0,27.0,65.6,56.0,31.18,52.01,493.0,493.0,274.0,85.0,64.0,30.0,16.4,81.0,78.88
2024-07-10,195.72,32.04,48.05,36.0,38.0,0.0,788.0,6995.0,5239.4,16.0,2412.0,86.0,1200.0,43.0,0.0,65.6,57.0,32.57,52.0,467.0,467.0,262.0,58.0,69.0,27.0,16.6,79.0,78.88
2024-07-11,195.72,32.04,48.05,16.0,62.0,0.0,694.0,8284.0,6176.1,29.0,2585.0,200.0,1155.0,31.0,0.0,65.6,57.0,30.17,51.97,471.0,471.0,304.0,38.0,60.0,29.0,16.2,77.0,78.88
2024-07-12,195.72,32.04,48.05,72.0,242.0,0.0,511.0,24334.0,18160.3,395.0,4404.0,267.0,968.0,146.0,3.0,65.6,58.0,29.22,51.92,453.0,453.0,259.0,71.0,49.0,34.0,16.4,75.0,78.88
2024-07-13,195.72,32.04,48.05,22.0,75.0,0.0,663.0,9030.0,6697.7,35.0,2623.0,191.0,1171.0,18.0,0.0,65.6,58.0,31.68,51.89,498.0,498.0,316.0,37.0,77.0,31.0,17.0,79.0,78.88
2024-07-14,195.72,32.04,48.05,26.0,38.0,0.0,720.0,8559.0,6381.4,25.0,2486.0,136.0,1237.0,27.0,0.0,65.6,58.0,35.41,51.88,493.0,493.0,311.0,43.0,68.0,32.0,17.8,80.0,78.88
2024-07-15,195.72,32.04,48.05,0.0,24.0,0.0,814.0,7305.0,5446.8,11.0,2362.0,120.0,1284.0,0.0,0.0,65.6,58.0,42.97,51.91,377.0,377.0,177.0,48.0,82.0,26.0,16.4,71.0,78.88
2024-07-16,78.0,11.0,0.0,2.0,12.0,4.0,937.0,3099.0,2417.5,19.0,1892.0,50.0,589.0,3.0,2.0,65.6,56.0,35.66,51.97,415.0,415.0,244.0,45.0,75.0,23.0,16.4,79.0,78.88
2024-07-17,127.0,29.0,24.0,0.0,34.0,0.0,745.0,6744.0,5028.5,19.0,2258.0,93.0,1316.0,4.0,0.0,65.6,56.0,34.97,52.02,514.0,514.0,341.0,73.0,37.0,42.0,16.6,81.0,78.88
2024-07-18,190.0,23.0,39.0,46.0,57.0,0.0,686.0,9228.0,6867.6,26.0,2603.0,113.0,1234.0,37.0,0.0,65.6,56.0,33.67,52.04,502.0,502.0,299.0,68.0,76.0,39.0,15.8,84.0,78.88
2024-07-19,241.0,4.0,3.0,0.0,26.0,0.0,688.0,7379.0,5470.6,15.0,2387.0,90.0,1257.0,1.0,0.0,61.0,56.0,32.61,52.07,504.0,504.0,280.0,61.0,106.0,25.0,16.2,82.0,78.88
2024-07-20,207.0,71.0,117.0,60.0,138.0,0.0,594.0,14952.0,11155.5,151.0,3586.0,352.0,875.0,78.0,1.0,65.6,56.0,32.62,52.07,451.0,451.0,298.0,38.0,62.0,31.0,16.6,79.0,78.88
2024-07-21,205.0,24.0,23.0,2.0,77.0,0.0,703.0,8524.0,6356.4,8.0,2492.0,101.0,1269.0,23.0,0.0,65.6,57.0,31.31,52.06,485.0,485.0,300.0,58.0,66.0,24.0,15.8,83.0,78.88
2024-07-22,175.0,28.0,25.0,2.0,27.0,4.0,759.0,8017.0,5978.7,34.0,2396.0,124.0,1259.0,6.0,2.0,63.0,57.0,31.36,52.02,460.0,460.0,277.0,78.0,41.0,31.0,17.0,75.0,78.88
2024-07-23,132.0,50.0,122.0,12.0,124.0,0.0,769.0,17005.0,12639.3,68.0,3008.0,210.0,1146.0,37.0,0.0,65.6,58.0,34.14,52.0,360.0,360.0,278.0,24.0,4.0,23.0,15.2,66.0,78.88
2024-07-24,158.0,16.0,30.0,24.0,35.0,6.0,739.0,6131.0,4568.8,8.0,2326.0,82.0,1277.0,16.0,9.0,65.6,57.0,32.46,51.98,497.0,497.0,305.0,85.0,38.0,28.0,15.6,79.0,78.88
2024-07-25,190.0,25.0,37.0,14.0,53.0,0.0,713.0,9909.0,7390.1,35.0,2592.0,164.0,1188.0,18.0,2.0,65.0,57.0,32.39,52.0,475.0,475.0,295.0,70.0,41.0,37.0,16.0,78.0,78.88
2024-07-26,375.0,0.0,0.0,2.0,22.0,0.0,554.0,9818.0,7316.8,6.0,2696.0,197.0,1168.0,8.0,2.0,65.6,57.0,32.06,52.0,525.0,525.0,283.0,89.0,93.0,22.0,16.2,84.0,78.88
2024-07-27,322.0,12.0,19.0,2.0,31.0,0.0,642.0,10941.0,8099.3,14.0,2698.0,178.0,1124.0,9.0,0.0,65.6,57.0,33.56,52.04,431.0,431.0,273.0,56.0,44.0,26.0,15.8,77.0,78.88
2024-07-28,168.0,27.0,14.0,8.0,43.0,0.0,752.0,5525.0,4107.3,18.0,2309.0,95.0,1284.0,10.0,0.0,65.6,56.0,37.9,52.1,480.0,480.0,306.0,71.0,25.0,33.0,15.8,76.0,78.88
2024-07-29,136.0,43.0,49.0,16.0,61.0,0.0,761.0,8745.0,6510.5,32.0,2516.0,167.0,1132.0,16.0,0.0,65.6,55.0,33.1,52.17,468.0,468.0,294.0,64.0,53.0,26.0,15.2,79.0,78.88
2024-07-30,221.0,92.0,54.0,24.0,125.0,0.0,664.0,12035.0,8885.1,31.0,3103.0,373.0,1008.0,33.0,1.0,65.6,55.0,20.4,52.17,391.0,391.0,278.0,30.0,14.0,28.0,18.6,57.0,78.88
2024-07-31,105.0,25.0,33.0,24.0,57.0,0.0,752.0,6400.0,4829.1,17.0,2319.0,89.0,1267.0,31.0,0.0,65.6,56.0,31.14,52.19,526.0,526.0,356.0,64.0,46.0,33.0,17.4,79.0,78.88
2024-08-01,167.0,11.0,14.0,10.0,31.0,2.0,742.0,5856.0,4363.9,19.0,2294.0,98.0,1141.0,10.0,2.0,63.0,56.0,32.65,52.2,505.0,505.0,342.0,39.0,48.0,30.0,16.4,79.0,78.88
2024-08-02,221.0,20.0,36.0,8.0,55.0,0.0,604.0,10371.0,7681.2,33.0,2640.0,163.0,1186.0,14.0,2.0,65.6,56.0,29.19,52.22,566.0,566.0,378.0,76.0,37.0,30.0,16.8,82.0,78.88
2024-08-03,200.0,66.0,179.0,72.0,187.0,0.0,430.0,20863.0,15567.8,220.0,4150.0,388.0,906.0,103.0,1.0,65.6,56.0,28.44,52.21,455.0,455.0,266.0,51.0,78.0,30.0,16.6,77.0,78.88
2024-08-04,97.0,38.0,33.0,6.0,61.0,0.0,831.0,7389.0,5509.8,29.0,2291.0,119.0,1095.0,11.0,0.0,65.6,57.0,36.34,52.2,439.0,439.0,297.0,66.0,35.0,32.0,16.6,79.0,78.88
2024-08-05,167.0,30.0,28.0,8.0,54.0,0.0,725.0,7946.0,5906.1,22.0,2442.0,131.0,1197.0,17.0,0.0,65.6,57.0,34.31,52.21,498.0,498.0,332.0,39.0,53.0,36.0,17.2,79.0,78.88
2024-08-06,130.0,31.0,92.0,92.0,74.0,2.0,715.0,11597.0,8242.6,120.0,2892.0,207.0,1121.0,55.0,16.0,65.6,56.0,33.59,52.2,464.0,464.0,293.0,45.0,57.0,21.0,16.0,76.0,78.88
2024-08-07,97.0,28.0,39.0,18.0,36.0,10.0,849.0,6290.0,4689.6,15.0,2289.0,87.0,1081.0,20.0,8.0,65.6,57.0,30.67,52.15,428.0,428.0,308.0,32.0,41.0,31.0,17.8,76.0,78.88
2024-08-08,174.0,27.0,21.0,4.0,55.0,0.0,708.0,7359.0,5465.8,24.0,2442.0,165.0,1227.0,13.0,0.0,65.6,58.0,30.35,52.14,509.0,509.0,301.0,76.0,57.0,31.0,17.0,80.0,78.88
2024-08-09,248.0,69.0,66.0,30.0,107.0,2.0,487.0,14781.0,11021.9,32.0,3187.0,267.0,1083.0,23.0,5.0,65.6,57.0,34.15,52.15,570.0,570.0,384.0,36.0,71.0,29.0,16.6,82.0,78.88
2024-08-10,199.0,85.0,165.0,48.0,193.0,0.0,537.0,20157.0,15040.3,250.0,4005.0,382.0,907.0,77.0,0.0,65.6,56.0,31.06,52.16,454.0,454.0,289.0,37.0,73.0,29.0,17.2,80.0,78.88
2024-08-11,275.0,22.0,10.0,0.0,35.0,0.0,672.0,8350.0,6224.5,43.0,2584.0,199.0,1208.0,0.0,0.0,65.6,56.0,30.76,52.17,462.0,462.0,335.0,42.0,19.0,24.0,16.2,71.0,78.88
2024-08-12,188.0,33.0,47.0,18.0,56.0,8.0,685.0,10410.0,7640.6,40.0,2726.0,183.0,1155.0,24.0,9.0,66.0,57.0,33.35,52.17,487.0,487.0,315.0,52.0,65.0,28.0,16.8,82.0,78.88
2024-08-13,166.0,6.0,26.0,24.0,43.0,0.0,794.0,7115.0,5305.6,19.0,2353.0,108.0,1158.0,23.0,0.0,65.6,56.0,32.04,52.2,449.0,449.0,276.0,60.0,58.0,29.0,16.4,79.0,84.0
2024-08-14,115.0,19.0,114.0,54.0,88.0,0.0,793.0,16001.0,12042.7,48.0,2981.0,141.0,1188.0,63.0,6.0,68.0,56.0,29.44,52.22,406.0,406.0,255.0,47.0,56.0,18.0,17.6,77.0,79.0
2024-08-15,153.0,10.0,62.0,30.0,53.0,0.0,757.0,13848.0,10448.6,62.0,2704.0,155.0,1201.0,34.0,0.0,69.0,56.0,20.97,52.15,449.0,449.0,296.0,60.0,33.0,30.0,16.17,67.0,76.0
2024-08-16,358.0,60.0,42.0,36.0,108.0,0.0,501.0,13187.0,9830.8,34.0,3258.0,373.0,974.0,41.0,0.0,65.6,58.0,27.06,52.11,503.0,503.0,336.0,79.0,16.0,36.0,16.17,76.0,83.0
2024-08-17,182.0,10.0,7.0,2.0,30.0,0.0,760.0,6495.0,4833.5,42.0,2308.0,150.0,1202.0,5.0,0.0,65.0,58.0,25.27,52.01,389.0,389.0,253.0,28.0,61.0,31.0,16.17,74.0,82.0
2024-08-18,174.0,18.0,21.0,8.0,42.0,2.0,745.0,8207.0,6141.6,35.0,2440.0,123.0,1286.0,15.0,1.0,65.6,59.0,31.69,52.0,485.0,485.0,305.0,73.0,51.0,33.0,16.17,84.0,85.0
2024-08-19,129.0,30.0,26.0,10.0,33.0,0.0,856.0,8296.0,6126.7,66.0,2327.0,86.0,1250.0,18.0,0.0,65.6,57.0,23.47,51.92,396.0,396.0,253.0,48.0,40.0,29.0,16.17,68.0,75.0
2024-08-20,270.0,3.0,21.0,38.0,38.0,0.0,719.0,8324.0,6102.3,34.0,2688.0,195.0,1153.0,26.0,1.0,65.6,59.0,29.36,51.86,427.0,427.0,213.0,75.0,98.0,22.0,16.17,82.0,87.0
2024-08-21,216.0,51.0,62.0,6.0,90.0,4.0,613.0,14360.0,10745.0,75.0,2966.0,304.0,1068.0,19.0,2.0,65.6,59.0,30.62,51.84,505.0,505.0,269.0,70.0,99.0,29.0,16.17,83.0,89.0
2024-08-22,218.0,36.0,36.0,10.0,81.0,0.0,583.0,9729.0,7228.2,27.0,2664.0,198.0,1114.0,22.0,0.0,65.6,58.0,28.66,51.83,485.0,485.0,329.0,46.0,38.0,32.0,16.17,75.0,81.0
2024-08-23,246.0,33.0,17.0,8.0,46.0,2.0,654.0,8540.0,6419.4,35.0,2638.0,214.0,1044.0,10.0,4.0,65.6,58.0,28.0,51.84,490.0,490.0,344.0,51.0,42.0,37.0,16.17,82.0,85.0
2024-08-24,225.0,43.0,77.0,6.0,65.0,0.0,590.0,16857.0,12488.9,27.0,3007.0,268.0,1086.0,24.0,1.0,65.6,57.0,30.54,51.86,505.0,505.0,337.0,49.0,38.0,34.0,16.17,77.0,81.0
2024-08-25,141.0,48.0,62.0,26.0,68.0,8.0,714.0,10005.0,7436.1,75.0,2677.0,120.0,1246.0,21.0,9.0,65.6,57.0,30.7,51.91,478.0,478.0,326.0,56.0,27.0,34.0,16.17,77.0,81.0
2024-08-26,130.0,35.0,51.0,28.0,80.0,4.0,761.0,7941.0,5959.0,37.0,2544.0,107.0,1198.0,34.0,3.0,65.6,56.0,29.83,51.95,462.0,462.0,325.0,42.0,10.0,30.0,16.17,67.0,82.0
2024-08-27,235.0,26.0,40.0,18.0,51.0,20.0,648.0,13234.0,9874.7,72.0,2893.0,152.0,1219.0,22.0,11.0,65.6,56.0,30.16,52.0,490.0,490.0,310.0,63.0,38.0,34.0,16.17,75.0,82.0
2024-08-28,121.0,28.0,13.0,4.0,43.0,6.0,830.0,4604.0,3483.2,31.0,2210.0,107.0,987.0,1.0,4.0,65.6,56.0,27.64,52.0,485.0,485.0,325.0,52.0,30.0,37.0,16.17,68.0,80.0
2024-08-29,265.0,7.0,43.0,28.0,53.0,4.0,740.0,11452.0,8508.2,51.0,2863.0,259.0,1078.0,43.0,6.0,71.0,57.0,26.3,51.95,369.0,369.0,262.0,43.0,22.0,26.0,16.17,72.0,70.0
2024-08-30,296.0,24.0,17.0,4.0,64.0,0.0,639.0,9072.0,6759.4,23.0,2767.0,345.0,1016.0,22.0,0.0,69.0,58.0,31.15,51.91,442.0,442.0,284.0,47.0,60.0,31.0,16.17,79.0,86.0
2024-08-31,166.0,91.0,181.0,62.0,226.0,0.0,518.0,19635.0,14652.1,231.0,4018.0,347.0,944.0,107.0,0.0,65.6,58.0,29.82,51.91,484.0,484.0,252.0,80.0,76.0,25.0,16.17,78.0,87.0
2024-09-01,152.0,35.0,32.0,0.0,67.0,0.0,676.0,8376.0,6219.3,80.0,2493.0,147.0,1225.0,13.0,0.0,65.6,57.0,31.11,51.91,546.0,546.0,343.0,83.0,30.0,42.0,16.17,77.0,85.0
2024-09-02,125.0,41.0,50.0,22.0,76.0,0.0,754.0,10102.0,7534.6,46.0,2559.0,123.0,1230.0,39.0,0.0,65.6,57.0,35.04,51.97,469.0,469.0,294.0,54.0,73.0,36.0,16.17,86.0,89.0
2024-09-03,205.0,22.0,14.0,4.0,27.0,0.0,698.0,7151.0,5323.7,39.0,2411.0,132.0,1267.0,5.0,0.0,65.6,56.0,33.02,52.04,501.0,501.0,326.0,71.0,48.0,41.0,16.17,82.0,88.0
2024-09-04,177.0,42.0,97.0,52.0,94.0,0.0,629.0,14457.0,10422.0,151.0,3124.0,218.0,992.0,57.0,1.0,65.6,55.0,34.71,52.12,495.0,495.0,333.0,55.0,41.0,30.0,16.17,79.0,81.0
2024-09-05,264.0,36.0,6.0,0.0,69.0,0.0,595.0,7819.0,5827.9,41.0,2654.0,218.0,1146.0,15.0,0.0,65.6,55.0,25.55,52.1,539.0,539.0,365.0,56.0,50.0,36.0,16.17,75.0,81.0
2024-09-06,307.0,16.0,3.0,0.0,36.0,0.0,610.0,8325.0,6149.8,30.0,2623.0,276.0,1119.0,4.0,0.0,65.6,57.0,30.12,52.08,504.0,504.0,341.0,38.0,53.0,29.0,16.17,78.0,73.0
2024-09-07,211.0,33.0,83.0,36.0,69.0,0.0,604.0,12261.0,8754.9,148.0,3013.0,214.0,1158.0,43.0,0.0,65.6,57.0,34.9,52.11,509.0,509.0,275.0,67.0,115.0,30.0,16.17,86.0,89.0
2024-09-08,136.0,9.0,9.0,4.0,12.0,6.0,753.0,4479.0,3375.1,10.0,2131.0,70.0,1270.0,4.0,3.0,65.6,56.0,31.75,52.17,467.0,467.0,363.0,31.0,17.0,33.0,16.17,76.0,79.0
2024-09-09,177.0,0.0,0.0,0.0,10.0,0.0,682.0,4687.0,3476.9,11.0,2131.0,50.0,1334.0,1.0,0.0,65.6,55.0,40.21,52.26,581.0,581.0,403.0,17.0,62.0,29.0,16.17,80.0,78.0
2024-09-10,170.0,19.0,85.0,38.0,66.0,0.0,689.0,11780.0,8306.4,102.0,2890.0,184.0,1016.0,42.0,1.0,65.6,54.0,32.67,52.36,480.0,480.0,324.0,49.0,45.0,39.0,16.17,78.0,80.0
2024-09-11,168.0,4.0,10.0,8.0,18.0,0.0,810.0,6462.0,4817.9,17.0,2264.0,108.0,1238.0,9.0,0.0,65.6,54.0,23.01,52.38,446.0,446.0,279.0,68.0,44.0,28.0,16.17,69.0,77.0
2024-09-12,217.0,14.0,0.0,4.0,30.0,0.0,647.0,6450.0,4799.7,32.0,2334.0,132.0,1270.0,6.0,0.0,65.6,56.0,25.12,52.33,561.0,561.0,336.0,83.0,62.0,34.0,16.17,81.0,77.0
2024-09-13,184.0,39.0,38.0,36.0,71.0,0.0,667.0,9745.0,7243.2,14.0,2688.0,156.0,1223.0,27.0,1.0,65.0,57.0,28.47,52.33,513.0,513.0,326.0,56.0,70.0,31.0,16.17,84.0,83.0
2024-09-14,274.0,53.0,102.0,68.0,122.0,2.0,497.0,19565.0,14429.0,64.0,3601.0,264.0,1039.0,67.0,9.0,65.6,56.0,31.01,52.38,514.0,514.0,271.0,78.0,97.0,27.0,16.17,85.0,86.0
2024-09-15,158.0,21.0,47.0,14.0,35.0,2.0,677.0,9549.0,7111.4,33.0,2517.0,104.0,1230.0,19.0,2.0,65.6,55.0,26.2,52.45,537.0,537.0,371.0,58.0,39.0,37.0,17.2,76.0,77.0
2024-09-16,192.0,5.0,23.0,14.0,35.0,0.0,687.0,8330.0,6173.2,48.0,2464.0,95.0,1148.0,12.0,1.0,65.6,54.0,38.28,52.55,533.0,533.0,344.0,66.0,52.0,30.0,16.0,81.0,85.0
2024-09-17,213.0,31.0,48.0,6.0,81.0,0.0,602.0,12491.0,9246.3,103.0,2848.0,183.0,1205.0,15.0,0.0,65.6,53.0,34.69,52.65,546.0,546.0,395.0,45.0,15.0,29.0,17.2,73.0,74.0
2024-09-18,192.0,23.0,31.0,6.0,50.0,0.0,676.0,10748.0,8017.6,100.0,2596.0,102.0,1297.0,10.0,0.0,65.6,53.0,35.2,52.71,518.0,518.0,365.0,42.0,43.0,36.0,15.6,77.0,81.0
2024-09-19,177.0,40.0,26.0,4.0,51.0,0.0,639.0,8243.0,6147.2,43.0,2531.0,127.0,1216.0,11.0,0.0,65.6,54.0,38.29,52.78,558.0,558.0,361.0,62.0,28.0,31.0,15.6,73.0,81.0
2024-09-20,202.0,14.0,8.0,2.0,28.0,0.0,668.0,6244.0,4643.3,45.0,2381.0,132.0,1240.0,8.0,0.0,64.0,53.0,24.95,52.78,548.0,548.0,349.0,70.0,75.0,32.0,15.8,82.0,78.0
2024-09-21,182.0,26.0,48.0,12.0,51.0,6.0,684.0,9720.0,7201.2,88.0,2615.0,118.0,1250.0,20.0,8.0,65.6,55.0,27.78,52.72,500.0,500.0,308.0,78.0,61.0,33.0,16.4,80.0,81.0
2024-09-22,216.0,23.0,30.0,14.0,47.0,0.0,701.0,8998.0,6575.4,47.0,2598.0,165.0,1214.0,19.0,0.0,65.6,56.0,28.04,52.68,470.0,470.0,331.0,42.0,30.0,27.0,16.6,74.0,78.0
2024-09-23,151.0,2.0,8.0,14.0,20.0,0.0,718.0,5245.0,3907.6,24.0,2245.0,112.0,1138.0,7.0,1.0,65.6,56.0,25.82,52.62,561.0,561.0,343.0,52.0,91.0,40.0,16.2,85.0,82.0
2024-09-24,196.0,30.0,24.0,6.0,60.0,8.0,647.0,9515.0,7096.0,66.0,2610.0,178.0,1202.0,12.0,5.0,65.6,56.0,24.88,52.56,543.0,543.0,340.0,63.0,64.0,37.0,16.2,79.0,78.0
2024-09-25,204.0,45.0,161.0,168.0,139.0,8.0,446.0,13137.0,7114.5,66.0,3653.0,280.0,855.0,142.0,13.0,65.6,57.0,28.61,52.5,584.0,584.0,350.0,33.0,94.0,32.0,15.6,74.0,82.0
2024-09-26,196.0,14.0,26.0,32.0,37.0,4.0,781.0,9129.0,6813.3,82.0,2620.0,254.0,982.0,23.0,5.0,65.6,57.0,26.13,52.38,423.0,423.0,333.0,32.0,5.0,27.0,16.4,68.0,76.0
2024-09-27,159.0,38.0,134.0,162.0,110.0,2.0,469.0,16975.0,7129.4,114.0,3331.0,197.0,1045.0,116.0,15.0,65.6,58.0,23.3,52.25,579.0,579.0,365.0,61.0,62.0,41.0,16.4,80.0,78.0
2024-09-28,140.0,4.0,16.0,2.0,12.0,18.0,799.0,5914.0,4885.0,34.0,2175.0,70.0,1077.0,5.0,9.0,65.6,59.0,31.02,52.17,481.0,481.0,329.0,61.0,29.0,37.0,16.0,78.0,92.0
2024-09-29,179.0,0.0,0.0,2.0,16.0,0.0,765.0,4574.0,3409.1,24.0,2146.0,81.0,1301.0,5.0,0.0,65.6,58.0,26.36,52.06,496.0,496.0,335.0,53.0,50.0,41.0,17.4,79.0,78.0
2024-09-30,155.0,4.0,24.0,20.0,14.0,0.0,755.0,4882.0,3637.9,20.0,2222.0,102.0,1261.0,15.0,0.0,65.6,59.0,34.33,52.01,502.0,502.0,340.0,42.0,52.0,32.0,15.6,82.0,83.0
2024-10-01,148.0,8.0,2.0,2.0,24.0,0.0,792.0,4533.0,3379.7,28.0,2149.0,101.0,1287.0,3.0,0.0,65.6,58.0,30.45,51.96,490.0,490.0,343.0,47.0,28.0,32.0,16.0,72.0,72.0
2024-10-02,154.0,0.0,0.0,0.0,8.0,0.0,688.0,4445.0,3313.2,12.0,2106.0,87.0,1319.0,0.0,0.0,65.6,58.0,36.72,52.01,598.0,598.0,354.0,72.0,59.0,38.0,14.6,78.0,76.0
2024-10-03,210.0,34.0,29.0,10.0,71.0,0.0,651.0,9448.0,6927.9,62.0,2645.0,194.0,1189.0,21.0,0.0,65.6,56.0,28.17,52.01,516.0,516.0,369.0,55.0,26.0,35.0,15.8,73.0,69.0
2024-10-04,231.0,39.0,51.0,24.0,78.0,2.0,599.0,11959.0,8727.8,109.0,2948.0,200.0,1086.0,36.0,4.0,65.6,57.0,40.22,52.06,526.0,526.0,304.0,69.0,79.0,31.0,15.8,83.0,86.0
2024-10-05,304.0,7.0,3.0,6.0,21.0,0.0,695.0,8811.0,6520.5,30.0,2598.0,160.0,1178.0,6.0,0.0,65.6,56.0,28.85,52.12,443.0,443.0,340.0,19.0,17.0,41.0,17.2,70.0,80.0
2024-10-06,250.0,33.0,27.0,2.0,75.0,0.0,668.0,10591.0,7898.7,40.0,2810.0,223.0,996.0,13.0,0.0,69.0,55.0,26.76,52.1,446.0,446.0,292.0,42.0,55.0,28.0,16.6,71.0,73.0
2024-10-07,172.0,67.0,61.0,36.0,77.0,0.0,628.0,10107.0,7537.0,44.0,2829.0,154.0,1168.0,55.0,5.0,65.6,57.0,28.51,52.05,511.0,511.0,285.0,102.0,47.0,33.0,16.6,78.0,82.0
2024-10-08,207.0,13.0,12.0,4.0,39.0,0.0,685.0,6396.0,4761.1,20.0,2411.0,199.0,1154.0,12.0,0.0,65.6,58.0,32.44,52.0,522.0,522.0,318.0,65.0,83.0,26.0,15.8,86.0,95.0
2024-10-09,177.0,12.0,10.0,4.0,34.0,0.0,742.0,5348.0,3984.0,21.0,2273.0,131.0,1258.0,11.0,0.0,65.6,58.0,28.5,51.99,499.0,499.0,324.0,60.0,58.0,43.0,16.4,82.0,83.0
2024-10-10,177.0,17.0,10.0,6.0,38.0,0.0,524.0,6099.0,4548.0,28.0,2309.0,121.0,1096.0,8.0,0.0,65.6,57.0,31.3,52.02,638.0,638.0,394.0,82.0,91.0,36.0,16.2,86.0,79.0
2024-10-11,192.0,73.0,116.0,56.0,144.0,4.0,549.0,16858.0,12547.6,176.0,3346.0,274.0,1026.0,75.0,4.0,65.6,56.0,21.27,51.97,508.0,508.0,335.0,28.0,50.0,27.0,16.2,66.0,70.0
2024-10-12,145.0,54.0,48.0,8.0,78.0,2.0,661.0,10820.0,8103.0,64.0,2681.0,220.0,1191.0,10.0,2.0,65.6,58.0,33.74,51.98,532.0,532.0,318.0,46.0,94.0,27.0,16.0,83.0,91.0
2024-10-13,215.0,10.0,48.0,20.0,30.0,8.0,663.0,10115.0,7551.1,25.0,2669.0,109.0,1162.0,25.0,6.0,65.6,57.0,31.34,52.03,504.0,504.0,364.0,24.0,33.0,40.0,16.6,78.0,85.0
2024-10-14,176.0,6.0,4.0,0.0,18.0,0.0,740.0,4850.0,3605.9,34.0,2227.0,136.0,1069.0,3.0,0.0,65.6,56.0,31.42,52.08,514.0,514.0,308.0,74.0,59.0,31.0,15.8,81.0,86.0
2024-10-15,196.0,28.0,38.0,28.0,60.0,0.0,603.0,9699.0,7308.2,51.0,2698.0,138.0,1213.0,31.0,0.0,66.0,56.0,28.89,52.11,576.0,576.0,365.0,49.0,88.0,37.0,16.4,85.0,82.0
2024-10-16,37.0,0.0,0.0,21.26,61.32,1.56,933.0,523.0,389.0,95.06,1698.0,10.0,802.0,0.0,0.0,65.6,56.0,29.12,52.11,470.0,470.0,271.0,78.0,61.0,31.0,16.4,76.0,83.0
2024-10-17,284.0,46.0,13.0,0.0,54.0,0.0,634.0,11256.0,8393.7,53.0,2776.0,275.0,1135.0,7.0,0.0,68.0,57.0,26.39,52.07,463.0,463.0,308.0,40.0,47.0,35.0,15.8,72.0,0.0
2024-10-18,274.0,77.0,63.0,42.0,124.0,0.0,583.0,13266.0,9869.8,63.0,3234.0,323.0,1014.0,56.0,2.0,65.6,58.0,25.76,52.03,442.0,442.0,331.0,14.0,40.0,31.0,17.8,72.0,78.0
2024-10-19,201.0,100.0,183.0,52.0,214.0,0.0,372.0,24437.0,18237.2,315.0,4147.0,370.0,945.0,88.0,0.0,65.6,58.0,28.34,52.02,584.0,584.0,412.0,65.0,34.0,41.0,15.8,83.0,80.0
2024-10-20,284.0,26.0,38.0,32.0,45.0,0.0,645.0,10736.0,8005.6,34.0,2725.0,146.0,1214.0,33.0,0.0,65.6,57.0,26.93,51.98,448.0,448.0,316.0,24.0,33.0,28.0,16.6,67.0,77.0
2024-10-21,130.0,25.0,127.0,48.0,88.0,20.0,697.0,17883.0,13311.3,30.0,3116.0,115.0,1198.0,65.0,23.0,67.0,58.0,35.32,52.01,461.0,461.0,300.0,43.0,42.0,34.0,15.6,73.0,83.0
2024-10-22,115.0,14.0,106.0,78.0,46.0,4.0,674.0,13596.0,10140.0,22.0,2817.0,117.0,1206.0,65.0,3.0,65.6,56.0,37.41,52.06,530.0,530.0,356.0,73.0,24.0,34.0,16.4,76.0,86.0
2024-10-23,157.0,35.0,26.0,10.0,49.0,0.0,717.0,7925.0,5835.9,38.0,2414.0,86.0,1179.0,17.0,0.0,65.6,56.0,36.77,52.14,505.0,505.0,352.0,25.0,61.0,30.0,15.4,81.0,84.0
2024-10-24,222.0,54.0,27.0,10.0,57.0,0.0,682.0,9396.0,6973.1,44.0,2701.0,231.0,1175.0,12.0,0.0,65.6,55.0,29.51,52.16,459.0,459.0,311.0,40.0,57.0,32.0,16.0,78.0,86.0
2024-10-25,268.0,13.0,2.0,2.0,36.0,0.0,698.0,7896.0,5884.4,38.0,2582.0,211.0,1204.0,4.0,0.0,65.6,56.0,30.36,52.18,455.0,455.0,289.0,41.0,63.0,28.0,16.6,76.0,81.0
2024-10-26,211.0,35.0,71.0,44.0,81.0,8.0,638.0,14277.0,10661.1,43.0,3003.0,228.0,1067.0,47.0,10.0,65.6,56.0,27.22,52.15,486.0,486.0,323.0,51.0,46.0,36.0,17.6,76.0,78.0
2024-10-27,248.0,0.0,0.0,0.0,35.0,0.0,751.0,7044.0,5251.2,43.0,2439.0,150.0,1225.0,3.0,0.0,65.6,57.0,35.06,52.16,454.0,454.0,285.0,36.0,78.0,21.0,15.6,80.0,89.0
2024-10-28,194.0,63.0,62.0,28.0,82.0,0.0,666.0,12209.0,9071.8,65.0,2918.0,202.0,1151.0,28.0,3.0,65.6,56.0,31.47,52.17,445.0,445.0,268.0,69.0,46.0,27.0,15.0,77.0,79.0
2024-10-29,189.0,52.0,75.0,22.0,67.0,0.0,652.0,14089.0,10086.3,141.0,2948.0,222.0,1122.0,22.0,2.0,67.0,56.0,29.44,52.14,469.0,469.0,285.0,50.0,79.0,31.0,16.2,80.0,91.0
2024-10-30,193.0,37.0,50.0,24.0,63.0,0.0,685.0,9030.0,6715.5,47.0,2648.0,175.0,1132.0,31.0,2.0,65.6,57.0,33.01,52.1,477.0,477.0,287.0,53.0,71.0,27.0,15.6,80.0,88.0
2024-10-31,159.0,36.0,19.0,10.0,45.0,0.0,781.0,7244.0,5392.3,28.0,2342.0,86.0,1326.0,12.0,0.0,65.6,58.0,36.69,52.08,442.0,442.0,290.0,48.0,46.0,27.0,15.6,77.0,85.0
2024-11-01,253.0,96.0,87.0,10.0,139.0,0.0,595.0,18943.0,14130.1,81.0,3396.0,271.0,1077.0,37.0,0.0,65.6,57.0,34.95,52.06,419.0,419.0,227.0,56.0,80.0,29.0,16.6,80.0,87.0
2024-11-02,153.0,14.0,64.0,26.0,71.0,0.0,805.0,9645.0,7194.1,63.0,2567.0,107.0,1184.0,50.0,0.0,65.6,57.0,40.36,52.11,394.0,394.0,275.0,27.0,27.0,30.0,15.4,70.0,81.0
2024-11-03,219.0,33.0,9.0,6.0,34.0,0.0,647.0,6854.0,5077.8,38.0,2405.0,91.0,1269.0,8.0,0.0,65.6,56.0,41.94,52.2,532.0,532.0,321.0,81.0,69.0,37.0,16.2,84.0,87.0
2024-11-04,248.0,46.0,163.0,64.0,180.0,0.0,506.0,22550.0,16828.0,273.0,4269.0,362.0,952.0,78.0,0.0,65.6,55.0,33.11,52.27,478.0,478.0,285.0,51.0,64.0,31.0,16.0,77.0,84.0
2024-11-05,197.0,10.0,37.0,40.0,36.0,4.0,714.0,6820.0,5020.2,26.0,2497.0,106.0,1162.0,34.0,3.0,65.6,55.0,33.4,52.29,481.0,481.0,335.0,52.0,30.0,31.0,15.8,74.0,74.0
2024-11-06,158.0,27.0,42.0,22.0,43.0,0.0,720.0,7812.0,5778.7,40.0,2470.0,109.0,1257.0,29.0,0.0,65.6,56.0,30.96,52.27,495.0,495.0,316.0,66.0,38.0,25.0,15.8,75.0,79.0
2024-11-07,130.0,36.0,32.0,12.0,60.0,0.0,796.0,6023.0,4502.4,44.0,2334.0,102.0,1233.0,21.0,3.0,64.0,57.0,27.68,52.21,445.0,445.0,306.0,24.0,34.0,33.0,16.0,69.0,73.0
2024-11-08,288.0,102.0,43.0,0.0,127.0,0.0,409.0,16710.0,12441.7,99.0,3413.0,454.0,931.0,23.0,0.0,71.0,58.0,32.56,52.16,484.0,484.0,274.0,67.0,75.0,28.0,15.6,81.0,83.0
2024-11-09,253.0,60.0,63.0,10.0,108.0,0.0,607.0,13152.0,9811.1,41.0,3048.0,399.0,918.0,32.0,0.0,65.6,58.0,31.51,52.13,456.0,456.0,247.0,63.0,76.0,27.0,15.8,77.0,88.0
2024-11-10,132.0,6.0,43.0,40.0,11.0,2.0,732.0,7265.0,5501.0,21.0,2304.0,54.0,1305.0,26.0,5.0,62.0,57.0,30.63,52.09,532.0,532.0,370.0,44.0,45.0,27.0,17.6,81.0,85.0
2024-11-11,169.0,0.0,0.0,2.0,18.0,0.0,838.0,3910.0,2912.8,16.0,2113.0,116.0,958.0,5.0,0.0,63.0,57.0,32.38,52.07,428.0,428.0,291.0,43.0,40.0,31.0,15.0,76.0,83.0
2024-11-12,235.0,42.0,74.0,22.0,95.0,0.0,613.0,13978.0,10427.8,30.0,3341.0,302.0,1063.0,32.0,0.0,65.6,57.0,27.28,52.01,477.0,477.0,320.0,51.0,54.0,23.0,16.2,80.0,79.0
2024-11-13,235.0,11.0,12.0,8.0,10.0,0.0,717.0,7573.0,5591.5,31.0,2370.0,90.0,1263.0,6.0,1.0,63.0,58.0,29.9,51.92,464.0,464.0,311.0,73.0,14.0,25.0,16.4,74.0,82.0
2024-11-14,236.0,33.0,3.0,8.0,60.0,0.0,662.0,7665.0,5714.7,31.0,2511.0,135.0,1235.0,8.0,0.0,62.0,59.0,34.13,51.92,506.0,506.0,329.0,46.0,57.0,33.0,16.2,81.0,80.0
2024-11-15,287.0,21.0,27.0,0.0,48.0,0.0,713.0,11251.0,8392.2,33.0,2995.0,294.0,1100.0,7.0,0.0,65.6,57.0,31.76,51.93,392.0,392.0,292.0,31.0,25.0,27.0,16.4,73.0,79.0
2024-11-16,344.0,15.0,1.0,0.0,37.0,0.0,592.0,8798.0,6505.1,30.0,2679.0,245.0,1018.0,5.0,0.0,66.0,57.0,28.85,51.92,488.0,488.0,340.0,37.0,35.0,35.0,16.4,73.0,73.0
2024-11-17,229.0,29.0,43.0,14.0,63.0,4.0,675.0,10801.0,8048.1,60.0,2700.0,143.0,1133.0,21.0,5.0,65.6,57.0,32.55,51.94,464.0,464.0,316.0,23.0,48.0,19.0,15.6,70.0,77.0
2024-11-18,284.0,47.0,54.0,4.0,102.0,0.0,569.0,15185.0,11328.8,30.0,3363.0,291.0,1057.0,16.0,0.0,65.6,57.0,34.19,51.95,486.0,486.0,305.0,42.0,73.0,22.0,16.0,82.0,84.0
2024-11-19,232.0,19.0,41.0,4.0,72.0,0.0,635.0,11600.0,8589.8,61.0,2704.0,205.0,1166.0,19.0,0.0,65.6,57.0,33.77,51.96,513.0,513.0,331.0,86.0,13.0,28.0,15.6,74.0,79.0
2024-11-20,205.0,37.0,29.0,4.0,56.0,0.0,721.0,9337.0,6963.7,75.0,2591.0,147.0,1229.0,9.0,0.0,65.6,57.0,34.26,51.99,449.0,449.0,282.0,47.0,68.0,31.0,15.6,81.0,86.0
2024-11-21,189.0,34.0,38.0,10.0,56.0,0.0,695.0,9316.0,6928.9,33.0,2570.0,179.0,1225.0,11.0,0.0,65.6,56.0,31.62,52.05,484.0,484.0,312.0,52.0,54.0,34.0,16.0,78.0,79.0
2024-11-22,319.0,32.0,66.0,24.0,100.0,0.0,523.0,13458.0,10032.5,39.0,3230.0,402.0,931.0,54.0,2.0,65.6,56.0,25.04,52.05,499.0,499.0,333.0,65.0,30.0,33.0,15.8,77.0,79.0
2024-11-23,308.0,1.0,7.0,2.0,30.0,0.0,636.0,7513.0,5558.0,22.0,2563.0,233.0,1050.0,5.0,0.0,65.6,57.0,31.98,52.05,488.0,488.0,286.0,69.0,74.0,28.0,15.6,85.0,89.0
2024-11-24,184.0,29.0,23.0,0.0,38.0,0.0,723.0,6528.0,4806.3,31.0,2349.0,99.0,1264.0,9.0,0.0,65.6,57.0,30.52,52.05,483.0,483.0,306.0,46.0,67.0,27.0,16.6,80.0,83.0
2024-11-25,228.0,23.0,56.0,34.0,91.0,0.0,601.0,12305.0,9179.7,34.0,3119.0,209.0,1145.0,58.0,1.0,69.0,57.0,31.9,52.04,530.0,530.0,300.0,49.0,107.0,30.0,16.8,86.0,85.0
2024-11-26,231.0,60.0,69.0,24.0,121.0,0.0,605.0,11337.0,8454.5,92.0,3060.0,258.0,1098.0,50.0,0.0,65.6,57.0,31.42,52.05,475.0,475.0,287.0,65.0,52.0,37.0,15.8,75.0,86.0
2024-11-27,209.0,42.0,11.0,0.0,58.0,0.0,700.0,8652.0,6451.5,21.0,2501.0,181.0,1220.0,4.0,0.0,65.6,57.0,30.12,52.0,478.0,478.0,314.0,22.0,71.0,30.0,16.8,73.0,82.0
2024-11-28,194.0,45.0,16.0,8.0,49.0,0.0,757.0,7430.0,5494.4,26.0,2515.0,196.0,1211.0,11.0,0.0,65.6,58.0,25.97,51.92,428.0,428.0,254.0,60.0,60.0,28.0,16.6,78.0,84.0
2024-11-29,285.0,50.0,83.0,10.0,99.0,0.0,588.0,17232.0,12852.0,80.0,3306.0,285.0,1025.0,34.0,7.0,65.6,59.0,26.34,51.86,434.0,434.0,303.0,22.0,59.0,28.0,16.4,78.0,79.0
2024-11-30,191.0,42.0,78.0,24.0,86.0,6.0,653.0,13849.0,10310.5,96.0,2921.0,145.0,1075.0,37.0,3.0,65.6,59.0,28.41,51.81,476.0,476.0,306.0,69.0,44.0,36.0,16.4,78.0,82.0
2024-12-01,272.0,15.0,20.0,6.0,32.0,0.0,704.0,9009.0,6716.5,40.0,2622.0,129.0,1206.0,16.0,0.0,65.6,59.0,33.22,51.82,429.0,429.0,263.0,56.0,38.0,24.0,16.8,73.0,84.0
2024-12-02,255.0,20.0,10.0,0.0,37.0,0.0,713.0,9188.0,6849.7,40.0,2509.0,169.0,1180.0,10.0,0.0,65.0,57.0,29.78,51.8,444.0,444.0,280.0,45.0,63.0,21.0,15.6,78.0,85.0
2024-12-03,194.0,36.0,25.0,22.0,30.0,0.0,722.0,7731.0,5765.8,47.0,2447.0,81.0,1270.0,17.0,2.0,65.6,58.0,28.05,51.81,404.0,404.0,272.0,47.0,33.0,29.0,15.8,74.0,78.0
2024-12-04,223.0,26.0,29.0,4.0,49.0,0.0,735.0,8790.0,6554.8,46.0,2567.0,200.0,1174.0,22.0,0.0,65.6,57.0,30.73,51.83,425.0,425.0,292.0,21.0,52.0,30.0,15.0,75.0,81.0
2024-12-05,226.0,44.0,79.0,52.0,99.0,0.0,626.0,13170.0,9472.4,142.0,3091.0,262.0,1070.0,51.0,2.0,65.6,57.0,27.74,51.8,463.0,463.0,295.0,76.0,19.0,27.0,16.6,73.0,78.0
2024-12-06,177.0,21.0,10.0,0.0,45.0,0.0,750.0,6429.0,4766.4,26.0,2331.0,124.0,1243.0,5.0,0.0,65.6,58.0,31.02,51.74,503.0,503.0,293.0,70.0,70.0,28.0,15.4,84.0,80.0
2024-12-07,148.0,25.0,81.0,34.0,54.0,16.0,624.0,13031.0,9697.9,31.0,2730.0,130.0,1074.0,39.0,10.0,67.0,59.0,28.48,51.67,562.0,562.0,391.0,30.0,75.0,29.0,15.0,84.0,79.0
2024-12-08,158.0,25.0,58.0,10.0,60.0,0.0,698.0,11009.0,8210.4,54.0,2577.0,122.0,1234.0,22.0,1.0,65.6,60.0,27.92,51.63,501.0,501.0,343.0,34.0,61.0,36.0,15.6,82.0,87.0
2024-12-09,174.0,19.0,37.0,2.0,30.0,0.0,755.0,11038.0,8233.1,42.0,2476.0,124.0,1276.0,5.0,2.0,65.6,59.0,29.01,51.62,455.0,455.0,252.0,74.0,67.0,32.0,13.8,80.0,84.0
2024-12-10,175.0,7.0,7.0,6.0,27.0,0.0,680.0,4594.0,3344.5,20.0,2206.0,73.0,1303.0,9.0,0.0,65.6,58.0,32.24,51.68,571.0,571.0,369.0,82.0,47.0,44.0,14.4,85.0,84.0
2024-12-11,205.0,5.0,8.0,8.0,33.0,6.0,716.0,7138.0,5340.6,53.0,2402.0,88.0,1258.0,15.0,5.0,65.6,57.0,33.08,51.73,506.0,506.0,341.0,51.0,39.0,27.0,16.0,78.0,78.0
2024-12-12,218.0,54.0,89.0,16.0,162.0,0.0,519.0,17737.0,13235.5,144.0,3333.0,298.0,1018.0,49.0,1.0,65.6,57.0,32.0,51.8,560.0,560.0,355.0,44.0,84.0,40.0,14.4,87.0,85.0
2024-12-13,53.0,0.0,0.0,21.26,61.32,1.56,803.0,1455.0,1084.2,12.0,1744.0,9.0,1078.0,0.0,0.0,65.6,56.0,27.0,51.82,517.0,517.0,371.0,24.0,60.0,35.0,16.0,78.0,77.0
2024-12-14,194.0,15.0,40.0,14.0,65.0,0.0,666.0,11367.0,8471.6,102.0,2663.0,203.0,1091.0,22.0,0.0,65.6,57.0,34.27,51.86,453.0,453.0,268.0,69.0,48.0,28.0,15.2,76.0,69.0
2024-12-15,195.72,32.04,48.05,14.0,50.0,0.0,701.0,10923.0,8147.1,89.0,2668.0,162.0,1151.0,23.0,3.0,65.6,57.0,33.43,51.9,472.0,472.0,321.0,41.0,61.0,23.0,14.8,83.0,84.0
2024-12-16,195.72,32.04,48.05,24.0,79.0,6.0,629.0,12614.0,9413.4,109.0,2972.0,206.0,1112.0,39.0,8.0,65.6,57.0,28.89,51.91,505.0,505.0,300.0,65.0,77.0,28.0,16.2,84.0,86.0
2024-12-17,195.72,32.04,48.05,6.0,67.0,2.0,593.0,12732.0,9398.0,65.0,2760.0,193.0,1193.0,14.0,2.0,65.6,57.0,26.57,51.94,560.0,560.0,388.0,60.0,27.0,36.0,15.8,74.0,81.0
2024-12-18,195.72,32.04,48.05,10.0,25.0,0.0,689.0,9584.0,7146.6,48.0,2521.0,113.0,1227.0,18.0,0.0,65.6,57.0,24.19,51.93,504.0,504.0,341.0,47.0,43.0,27.0,16.4,79.0,80.0
2024-12-19,195.72,32.04,48.05,40.0,60.0,0.0,682.0,10117.0,7486.8,98.0,2840.0,214.0,1086.0,36.0,4.0,65.6,57.0,31.3,51.93,457.0,457.0,292.0,61.0,36.0,24.0,15.0,74.0,85.0
2024-12-20,195.72,32.04,48.05,12.0,31.0,0.0,815.0,5421.0,3983.8,70.0,2268.0,90.0,1178.0,14.0,1.0,65.6,57.0,30.98,51.93,464.0,464.0,295.0,33.0,77.0,28.0,16.2,79.0,91.0
2024-12-21,195.72,32.04,48.05,4.0,71.0,0.0,596.0,9091.0,6772.3,59.0,2774.0,280.0,1089.0,14.0,0.0,65.6,57.0,31.04,51.94,516.0,516.0,304.0,59.0,89.0,33.0,14.8,85.0,82.0
2024-12-22,195.72,32.04,48.05,12.0,61.0,0.0,775.0,9411.0,7018.4,79.0,2637.0,187.0,1136.0,23.0,0.0,65.6,57.0,29.49,51.88,394.0,394.0,307.0,32.0,20.0,26.0,17.0,72.0,80.0
2024-12-23,195.72,32.04,48.05,8.0,45.0,0.0,673.0,7879.0,5866.8,32.0,2425.0,133.0,1254.0,21.0,0.0,65.6,59.0,28.13,51.83,544.0,544.0,331.0,80.0,53.0,37.0,16.0,79.0,83.0
2024-12-24,195.72,32.04,48.05,0.0,31.0,0.0,794.0,5530.0,4120.8,43.0,2285.0,125.0,1256.0,5.0,0.0,65.6,58.0,32.82,51.8,434.0,434.0,282.0,32.0,63.0,30.0,16.2,79.0,79.0
2024-12-25,195.72,32.04,48.05,26.0,75.0,2.0,671.0,10332.0,7654.7,70.0,2840.0,262.0,1084.0,35.0,4.0,65.6,58.0,36.57,51.8,437.0,437.0,280.0,32.0,60.0,37.0,15.6,77.0,81.0
2024-12-26,195.72,32.04,48.05,0.0,43.0,0.0,613.0,9432.0,7005.4,74.0,2792.0,297.0,1026.0,3.0,0.0,65.6,58.0,29.48,51.8,446.0,446.0,277.0,58.0,51.0,31.0,15.8,78.0,82.0
2024-12-27,195.72,32.04,48.05,0.0,11.0,0.0,686.0,6979.0,5202.6,60.0,2414.0,163.0,1200.0,1.0,0.0,65.6,58.0,29.13,51.81,513.0,513.0,377.0,27.0,38.0,28.0,14.8,82.0,79.0
2024-12-28,195.72,32.04,48.05,118.0,295.0,0.0,444.0,23295.0,17341.0,304.0,4627.0,512.0,731.0,170.0,0.0,65.6,57.0,34.32,51.84,421.0,421.0,281.0,34.0,50.0,26.0,15.8,76.0,81.0
2024-12-29,195.72,32.04,48.05,10.0,103.0,0.0,610.0,12154.0,9053.8,115.0,3077.0,271.0,982.0,34.0,0.0,65.6,57.0,28.07,51.83,412.0,412.0,256.0,58.0,33.0,29.0,16.0,71.0,76.0
2024-12-30,195.72,32.04,48.05,2.0,33.0,0.0,713.0,6669.0,4960.6,50.0,2402.0,162.0,1262.0,4.0,0.0,65.6,58.0,33.14,51.82,472.0,472.0,304.0,41.0,47.0,31.0,15.4,73.0,83.0
2024-12-31,195.72,32.04,48.05,0.0,44.0,0.0,778.0,11523.0,8572.2,52.0,2596.0,169.0,1125.0,4.0,0.0,66.0,58.0,34.74,51.84,453.0,453.0,317.0,22.0,53.0,31.0,16.0,77.0,85.0
2025-01-01,195.72,32.04,48.05,22.0,146.0,0.0,616.0,24892.0,18401.3,173.0,3461.0,238.0,1129.0,56.0,0.0,71.0,57.0,28.97,51.83,429.0,429.0,277.0,62.0,21.0,31.0,17.2,70.0,79.0
2025-01-02,195.72,32.04,48.05,4.0,68.0,0.0,718.0,13951.0,10409.0,71.0,2636.0,137.0,1272.0,24.0,0.0,65.6,58.0,23.16,51.8,482.0,482.0,322.0,49.0,47.0,35.0,17.2,74.0,76.0
2025-01-03,195.72,32.04,48.05,74.0,93.0,0.0,704.0,17692.0,13159.7,205.0,3209.0,152.0,1168.0,78.0,6.0,69.0,58.0,32.51,51.83,443.0,443.0,285.0,57.0,37.0,20.0,16.2,74.0,82.0
2025-01-04,195.72,32.04,48.05,2.0,67.0,0.0,662.0,10343.0,7652.1,94.0,2709.0,189.0,1126.0,11.0,0.0,64.0,57.0,29.08,51.86,375.0,375.0,219.0,45.0,62.0,20.0,15.0,76.0,88.0
2025-01-05,195.72,32.04,48.05,18.0,49.0,0.0,710.0,8750.0,6466.9,39.0,2590.0,154.0,1236.0,17.0,1.0,65.6,57.0,33.02,51.91,469.0,469.0,266.0,48.0,85.0,29.0,16.6,80.0,92.0
2025-01-06,195.72,32.04,48.05,8.0,77.0,0.0,618.0,11135.0,8260.1,47.0,2756.0,191.0,1200.0,19.0,0.0,65.6,56.0,29.59,51.96,517.0,517.0,368.0,48.0,33.0,45.0,16.4,78.0,83.0
2025-01-07,195.72,32.04,48.05,20.0,59.0,0.0,644.0,9727.0,7211.8,47.0,2798.0,221.0,1149.0,17.0,0.0,65.6,56.0,30.98,51.99,474.0,474.0,322.0,31.0,60.0,22.0,15.8,78.0,83.0
2025-01-08,195.72,32.04,48.05,6.0,39.0,2.0,639.0,8289.0,6179.4,35.0,2628.0,267.0,1129.0,7.0,1.0,65.6,56.0,26.87,51.99,479.0,479.0,271.0,60.0,75.0,29.0,16.0,77.0,82.0
2025-01-09,195.72,32.04,48.05,24.0,88.0,0.0,707.0,10150.0,7506.6,50.0,2736.0,207.0,1055.0,27.0,1.0,67.0,57.0,28.6,51.99,447.0,447.0,271.0,54.0,65.0,24.0,16.8,80.0,86.0
2025-01-10,195.72,32.04,48.05,0.0,43.0,0.0,767.0,7841.0,5846.1,25.0,2472.0,185.0,1228.0,6.0,0.0,65.6,57.0,29.05,51.98,426.0,426.0,271.0,52.0,42.0,27.0,15.6,76.0,86.0
2025-01-11,195.72,32.04,48.05,0.0,31.0,0.0,726.0,6770.0,5046.3,30.0,2357.0,119.0,1309.0,2.0,0.0,65.6,57.0,30.26,51.99,491.0,491.0,321.0,48.0,47.0,30.0,15.8,78.0,81.0
2025-01-12,195.72,32.04,48.05,40.0,123.0,0.0,727.0,14764.0,11012.7,146.0,3081.0,364.0,614.0,49.0,1.0,75.0,57.0,33.64,51.99,375.0,375.0,196.0,49.0,77.0,24.0,15.2,75.0,82.0
2025-01-13,195.72,32.04,48.05,21.26,61.32,1.56,1440.0,10170.33,7381.58,95.06,1585.0,14.0,21.0,0.0,0.0,65.6,56.94,31.86,52.01,480.34,480.34,306.74,52.05,54.75,31.96,16.17,78.29,78.88
2025-01-14,195.72,32.04,48.05,21.26,61.32,1.56,1440.0,10170.33,7381.58,95.06,1584.0,40.0,39.0,0.0,0.0,79.0,56.94,31.86,52.03,480.34,480.34,306.74,52.05,54.75,31.96,16.17,78.29,78.88
2025-01-15,195.72,32.04,48.05,21.26,61.32,1.56,1440.0,10170.33,7381.58,95.06,1584.0,52.0,4.0,0.0,0.0,65.6,56.94,31.86,52.05,480.34,480.34,306.74,52.05,54.75,31.96,16.17,78.29,78.88
2025-01-16,195.72,32.04,48.05,21.26,61.32,1.56,1440.0,10170.33,7381.58,95.06,1584.0,0.0,12.0,0.0,0.0,65.6,56.94,31.86,52.06,480.34,480.34,306.74,52.05,54.75,31.96,16.17,78.29,78.88
2025-01-17,3.0,0.0,0.0,0.0,3.0,0.0,1437.0,16.0,11.9,95.06,1596.0,9.0,48.0,0.0,0.0,71.0,56.94,31.86,52.08,480.34,480.34,306.74,52.05,54.75,31.96,16.17,78.29,78.88
2025-01-18,87.0,127.0,198.0,268.0,235.0,2.0,929.0,4598.0,3427.1,27.0,3885.0,407.0,274.0,243.0,8.0,65.6,56.94,31.86,52.09,480.34,480.34,306.74,52.05,54.75,31.96,16.17,78.29,0.0
2025-01-19,21.0,0.0,0.0,21.26,61.32,1.56,1426.0,368.0,274.2,2.0,1640.0,42.0,117.0,1.0,0.0,65.6,56.94,31.86,52.1,480.34,480.34,306.74,52.05,54.75,31.96,16.17,78.29,78.88
2025-01-20,135.0,14.0,35.0,18.0,34.0,0.0,771.0,6655.0,4937.6,23.0,2364.0,77.0,1115.0,15.0,7.0,63.0,57.0,32.46,52.09,479.0,479.0,303.0,93.0,19.0,37.0,16.2,77.0,0.0
2025-01-21,231.0,13.0,19.0,2.0,59.0,2.0,607.0,7556.0,5633.1,49.0,2626.0,163.0,1144.0,39.0,31.0,65.6,57.0,28.52,52.08,456.0,456.0,288.0,47.0,61.0,36.0,15.6,80.0,77.0
2025-01-22,269.0,29.0,19.0,12.0,53.0,0.0,646.0,9993.0,7382.0,52.0,2726.0,238.0,1131.0,17.0,0.0,65.6,57.0,24.53,52.02,477.0,477.0,274.0,84.0,46.0,35.0,17.0,73.0,76.0
2025-01-23,224.0,7.0,15.0,0.0,42.0,0.0,755.0,8007.0,5970.6,52.0,2418.0,133.0,1070.0,10.0,0.0,65.6,58.0,30.47,51.99,439.0,439.0,274.0,54.0,47.0,31.0,16.2,76.0,90.0
2025-01-24,212.0,40.0,89.0,4.0,94.0,0.0,604.0,15886.0,11821.4,26.0,2980.0,174.0,1163.0,29.0,1.0,65.6,58.0,25.83,51.98,496.0,496.0,323.0,70.0,33.0,38.0,17.0,76.0,75.0
2025-01-25,189.0,45.0,134.0,28.0,121.0,12.0,626.0,20532.0,15270.9,84.0,3348.0,156.0,1167.0,45.0,15.0,65.6,57.0,31.04,52.03,445.0,445.0,245.0,81.0,62.0,36.0,14.4,78.0,89.0
2025-01-26,194.0,45.0,70.0,0.0,95.0,0.0,588.0,14678.0,10939.8,30.0,2833.0,191.0,1232.0,4.0,0.0,65.0,56.0,28.32,52.08,546.0,546.0,390.0,23.0,52.0,47.0,18.0,77.0,77.0
2025-01-27,194.0,7.0,2.0,0.0,12.0,0.0,787.0,4681.0,3487.5,4.0,2202.0,117.0,1285.0,0.0,0.0,65.6,56.0,29.79,52.1,447.0,447.0,349.0,7.0,20.0,28.0,15.8,65.0,81.0
2025-01-28,150.0,23.0,45.0,18.0,51.0,8.0,659.0,7151.0,5327.8,27.0,2474.0,141.0,1111.0,29.0,5.0,65.6,56.0,28.75,52.1,478.0,478.0,314.0,36.0,69.0,39.0,16.4,81.0,84.0
2025-01-29,230.0,18.0,17.0,4.0,27.0,0.0,754.0,8643.0,6444.7,28.0,2514.0,182.0,1230.0,9.0,0.0,65.6,57.0,26.22,52.06,418.0,418.0,258.0,49.0,53.0,30.0,15.6,78.0,85.0
2025-01-30,144.0,43.0,106.0,66.0,83.0,0.0,685.0,15216.0,11443.9,147.0,3081.0,136.0,1159.0,79.0,1.0,65.6,58.0,24.13,51.97,462.0,462.0,291.0,55.0,50.0,36.0,15.8,73.0,77.0
2025-01-31,156.0,35.0,129.0,130.0,56.0,14.0,592.0,16289.0,12121.7,230.0,3351.0,127.0,1109.0,88.0,17.0,65.6,59.0,28.32,51.89,532.0,532.0,273.0,73.0,120.0,36.0,16.4,81.0,87.0
2025-02-01,205.0,15.0,47.0,28.0,42.0,0.0,672.0,11103.0,8281.5,272.0,2888.0,117.0,1205.0,29.0,1.0,63.0,59.0,29.47,51.86,500.0,500.0,334.0,39.0,71.0,36.0,16.6,81.0,82.0
2025-02-02,173.0,17.0,30.0,18.0,32.0,16.0,704.0,5320.0,3967.0,114.0,2475.0,80.0,1253.0,10.0,9.0,62.0,58.0,39.3,51.9,513.0,513.0,304.0,61.0,71.0,35.0,15.8,82.0,88.0
2025-02-03,207.0,12.0,11.0,6.0,11.0,0.0,725.0,6064.0,4520.2,118.0,2413.0,101.0,1269.0,2.0,5.0,65.6,56.0,36.37,51.97,485.0,485.0,272.0,43.0,78.0,23.0,15.2,73.0,82.0
2025-02-04,189.0,24.0,34.0,8.0,45.0,0.0,748.0,8082.0,5987.7,170.0,2598.0,132.0,1228.0,10.0,0.0,63.0,56.0,31.33,52.01,449.0,449.0,310.0,56.0,32.0,37.0,15.2,76.0,77.0
2025-02-05,171.0,38.0,58.0,30.0,67.0,0.0,659.0,8406.0,6266.8,160.0,2796.0,178.0,1159.0,39.0,2.0,64.0,56.0,35.03,52.05,512.0,512.0,357.0,31.0,43.0,39.0,15.8,78.0,78.0
2025-02-06,216.0,39.0,185.0,68.0,139.0,0.0,545.0,21449.0,16006.1,295.0,4113.0,225.0,887.0,70.0,1.0,69.0,56.0,36.18,52.11,453.0,453.0,295.0,36.0,72.0,29.0,14.6,81.0,83.0
2025-02-07,312.0,36.0,64.0,6.0,79.0,0.0,529.0,16702.0,12431.2,282.0,3357.0,326.0,1063.0,17.0,2.0,65.6,55.0,28.54,52.12,499.0,499.0,317.0,77.0,50.0,41.0,15.6,79.0,81.0
2025-02-08,272.0,35.0,70.0,0.0,93.0,0.0,658.0,13692.0,10210.1,302.0,3294.0,292.0,977.0,7.0,0.0,65.6,57.0,26.41,52.1,405.0,405.0,217.0,44.0,83.0,27.0,16.0,74.0,84.0
2025-02-09,233.0,42.0,34.0,4.0,73.0,0.0,599.0,9454.0,7014.7,142.0,2720.0,184.0,1218.0,11.0,0.0,65.6,57.0,30.69,52.1,532.0,532.0,370.0,36.0,40.0,40.0,15.0,77.0,82.0
2025-02-10,200.0,65.0,216.0,110.0,206.0,0.0,452.0,24595.0,18355.2,398.0,4530.0,393.0,890.0,118.0,1.0,65.6,57.0,34.97,52.13,507.0,507.0,295.0,53.0,102.0,33.0,15.8,86.0,90.0
2025-02-11,192.0,13.0,22.0,8.0,37.0,0.0,804.0,7529.0,5614.2,168.0,2486.0,124.0,1256.0,13.0,0.0,65.6,56.0,28.71,52.14,410.0,410.0,274.0,54.0,14.0,27.0,16.2,67.0,72.0
2025-02-12,174.0,5.0,10.0,2.0,29.0,0.0,746.0,5721.0,4264.9,124.0,2314.0,49.0,1351.0,13.0,0.0,65.6,57.0,38.9,52.18,504.0,504.0,354.0,21.0,64.0,29.0,16.0,82.0,83.0
2025-02-13,180.0,12.0,32.0,8.0,42.0,4.0,718.0,9305.0,6953.5,164.0,2570.0,117.0,956.0,15.0,4.0,65.0,55.0,30.4,52.23,498.0,498.0,331.0,24.0,72.0,32.0,15.2,81.0,78.0
2025-02-14,14.0,0.0,0.0,21.26,61.32,1.56,1428.0,354.0,264.0,5.0,1613.0,3.0,133.0,0.0,0.0,59.0,56.94,31.86,52.31,480.34,480.34,306.74,52.05,54.75,31.96,16.17,78.29,78.88
2025-02-15,250.0,65.0,61.0,0.0,106.0,0.0,522.0,12973.0,9676.3,230.0,3158.0,239.0,1113.0,17.0,0.0,65.6,55.0,29.17,52.35,540.0,540.0,307.0,59.0,102.0,46.0,16.0,80.0,0.0
2025-02-16,312.0,29.0,22.0,0.0,49.0,0.0,634.0,11250.0,8385.9,227.0,2929.0,263.0,1149.0,1.0,0.0,65.6,55.0,34.64,52.39,443.0,443.0,291.0,66.0,30.0,33.0,16.8,74.0,78.0
2025-02-17,245.0,30.0,41.0,26.0,37.0,0.0,677.0,11584.0,8622.9,288.0,2922.0,168.0,1206.0,23.0,0.0,65.6,55.0,30.62,52.38,452.0,452.0,253.0,60.0,67.0,29.0,16.2,76.0,80.0
2025-02-18,194.0,32.0,40.0,24.0,58.0,0.0,825.0,9030.0,6705.9,163.0,2666.0,174.0,1206.0,23.0,3.0,65.6,56.0,24.1,52.28,351.0,351.0,218.0,43.0,38.0,20.0,15.8,63.0,74.0
2025-02-19,274.0,16.0,24.0,2.0,28.0,0.0,683.0,9192.0,6808.6,210.0,2807.0,194.0,1176.0,5.0,0.0,65.0,58.0,32.98,52.25,437.0,437.0,266.0,75.0,35.0,34.0,15.8,76.0,77.0
2025-02-20,247.0,22.0,34.0,0.0,51.0,0.0,598.0,10831.0,8034.8,228.0,2774.0,200.0,1174.0,1.0,0.0,65.6,57.0,24.58,52.23,542.0,542.0,370.0,45.0,46.0,41.0,16.8,75.0,76.0
2025-02-21,215.0,109.0,237.0,84.0,280.0,0.0,409.0,25013.0,18662.5,412.0,4802.0,482.0,805.0,118.0,1.0,78.0,57.0,25.14,52.17,466.0,466.0,313.0,24.0,47.0,36.0,15.8,72.0,80.0
2025-02-22,309.0,46.0,29.0,4.0,62.0,0.0,551.0,10551.0,7821.2,307.0,3038.0,177.0,1154.0,11.0,0.0,63.0,58.0,30.09,52.15,506.0,506.0,374.0,34.0,9.0,47.0,16.4,70.0,73.0
2025-02-23,217.0,27.0,24.0,4.0,58.0,0.0,695.0,7604.0,5541.5,192.0,2671.0,148.0,1211.0,9.0,0.0,65.6,57.0,32.08,52.17,477.0,477.0,285.0,63.0,69.0,41.0,16.4,81.0,90.0
2025-02-24,153.0,25.0,20.0,0.0,40.0,0.0,798.0,4896.0,3648.4,96.0,2308.0,101.0,1267.0,6.0,0.0,65.6,56.0,38.27,52.22,445.0,445.0,271.0,59.0,51.0,29.0,16.0,77.0,85.0
2025-02-25,184.0,27.0,48.0,14.0,44.0,0.0,679.0,10380.0,7668.7,285.0,2815.0,142.0,1055.0,14.0,2.0,65.6,55.0,33.48,52.28,500.0,500.0,309.0,58.0,57.0,41.0,16.4,81.0,76.0
2025-02-26,239.0,28.0,36.0,16.0,55.0,2.0,631.0,7931.0,5874.4,170.0,2730.0,133.0,1197.0,20.0,2.0,65.6,55.0,32.63,52.31,432.0,432.0,216.0,75.0,86.0,32.0,16.2,80.0,83.0
2025-02-27,240.0,3.0,5.0,4.0,28.0,0.0,773.0,6443.0,4771.1,157.0,2529.0,101.0,1273.0,4.0,0.0,65.6,55.0,29.18,52.3,418.0,418.0,268.0,53.0,27.0,29.0,16.4,68.0,78.0
2025-02-28,216.0,39.0,46.0,10.0,56.0,0.0,653.0,9783.0,7258.7,180.0,2800.0,144.0,1210.0,21.0,0.0,65.6,56.0,28.62,52.3,488.0,488.0,280.0,64.0,91.0,40.0,16.2,83.0,83.0
2025-03-01,237.0,41.0,75.0,70.0,68.0,0.0,566.0,11392.0,8251.6,105.0,3168.0,228.0,1103.0,53.0,10.0,65.6,56.0,30.82,52.29,527.0,527.0,314.0,62.0,71.0,31.0,16.0,81.0,82.0
2025-03-02,262.0,27.0,71.0,72.0,43.0,0.0,658.0,12205.0,9043.7,208.0,3109.0,256.0,1099.0,48.0,1.0,70.0,56.0,24.56,52.19,422.0,422.0,308.0,23.0,49.0,27.0,16.2,72.0,81.0
2025-03-03,163.0,20.0,25.0,12.0,29.0,2.0,792.0,6273.0,4677.7,151.0,2396.0,132.0,1021.0,13.0,4.0,65.6,59.0,25.46,52.07,430.0,430.0,251.0,60.0,65.0,35.0,17.0,77.0,87.0
2025-03-04,228.0,38.0,51.0,20.0,62.0,0.0,727.0,10685.0,7921.2,263.0,2952.0,223.0,1105.0,21.0,0.0,65.6,59.0,31.77,52.01,397.0,397.0,265.0,50.0,31.0,36.0,16.6,73.0,76.0
2025-03-05,216.0,37.0,55.0,12.0,49.0,0.0,641.0,11213.0,8330.8,188.0,2764.0,126.0,1127.0,17.0,1.0,65.6,58.0,29.08,51.98,490.0,490.0,267.0,79.0,70.0,33.0,16.8,80.0,83.0
2025-03-06,283.0,58.0,55.0,2.0,104.0,0.0,684.0,13234.0,9819.2,230.0,3203.0,271.0,1017.0,28.0,0.0,65.6,58.0,30.03,51.94,360.0,360.0,236.0,36.0,38.0,24.0,15.8,72.0,85.0
2025-03-07,181.0,84.0,196.0,68.0,166.0,0.0,461.0,24183.0,18014.5,572.0,4199.0,262.0,1020.0,92.0,3.0,65.6,58.0,35.25,51.92,518.0,518.0,341.0,50.0,48.0,26.0,15.6,79.0,84.0
2025-03-08,223.0,53.0,55.0,12.0,91.0,0.0,595.0,11908.0,8835.8,174.0,2945.0,162.0,1154.0,37.0,1.0,65.6,58.0,37.65,51.96,516.0,516.0,308.0,69.0,79.0,32.0,16.4,84.0,86.0
2025-03-09,269.0,0.0,0.0,21.26,61.32,1.56,676.0,5758.0,4289.6,130.0,2347.0,48.0,1337.0,0.0,0.0,65.6,56.0,42.64,52.03,495.0,495.0,315.0,27.0,85.0,37.0,16.2,83.0,83.0
2025-03-10,189.0,28.0,29.0,14.0,49.0,0.0,729.0,7319.0,5422.5,141.0,2592.0,116.0,1133.0,15.0,2.0,65.6,55.0,39.05,52.12,463.0,463.0,310.0,51.0,30.0,26.0,16.4,74.0,75.0
2025-03-11,198.0,8.0,10.0,0.0,25.0,0.0,744.0,5342.0,3981.8,158.0,2373.0,69.0,1245.0,1.0,0.0,65.6,55.0,34.22,52.17,480.0,480.0,313.0,27.0,74.0,29.0,15.6,80.0,87.0
2025-03-12,166.0,51.0,69.0,8.0,83.0,8.0,807.0,11497.0,8405.1,207.0,3000.0,113.0,1172.0,34.0,5.0,65.6,56.0,37.27,52.18,407.0,407.0,239.0,59.0,70.0,25.0,16.2,82.0,84.0
2025-03-13,189.0,13.0,17.0,2.0,34.0,0.0,1168.0,6476.0,4718.1,97.0,2494.0,181.0,980.0,17.0,0.0,65.6,56.94,31.86,52.19,480.34,480.34,306.74,52.05,54.75,31.96,16.17,78.29,78.88
2025-03-14,169.0,5.0,0.0,0.0,15.0,0.0,724.0,4573.0,3408.8,46.0,2144.0,139.0,983.0,0.0,0.0,65.6,56.0,27.2,52.11,539.0,539.0,314.0,61.0,86.0,38.0,16.4,79.0,76.0
2025-03-15,212.0,12.0,5.0,0.0,16.0,0.0,658.0,5513.0,4108.9,74.0,2298.0,110.0,1170.0,0.0,0.0,62.0,58.0,31.81,52.05,557.0,557.0,391.0,39.0,51.0,36.0,16.6,81.0,72.0
2025-03-16,195.72,32.04,48.05,12.0,5.0,0.0,804.0,2489.0,1855.9,25.0,1955.0,23.0,790.0,14.0,0.0,61.0,58.0,31.36,52.01,542.0,542.0,349.0,30.0,87.0,33.0,15.6,81.0,77.0
2025-03-17,195.72,32.04,48.05,6.0,33.0,0.0,831.0,6234.0,4648.8,82.0,2336.0,181.0,1076.0,10.0,2.0,66.0,58.0,28.25,51.96,421.0,421.0,258.0,55.0,49.0,29.0,16.8,75.0,0.0
2025-03-18,195.72,32.04,48.05,12.0,19.0,0.0,841.0,4327.0,3226.4,37.0,2076.0,52.0,853.0,18.0,1.0,62.0,58.0,30.26,51.93,472.0,472.0,274.0,53.0,77.0,30.0,16.8,78.0,79.0
2025-03-19,195.72,32.04,48.05,60.0,33.0,8.0,775.0,4431.0,3304.1,50.0,2384.0,71.0,957.0,32.0,10.0,65.0,58.0,33.75,51.93,493.0,493.0,338.0,60.0,20.0,38.0,16.2,74.0,72.0
2025-03-20,195.72,32.04,48.05,21.26,61.32,1.56,1030.0,98.0,72.8,95.06,1586.0,0.0,469.0,0.0,0.0,65.6,57.0,35.93,51.96,396.0,396.0,218.0,68.0,40.0,27.0,16.4,71.0,75.0
2025-03-21,195.72,32.04,48.05,21.26,61.32,1.56,1435.0,114.0,84.6,3.0,1591.0,2.0,69.0,0.0,0.0,65.6,56.94,31.86,51.98,480.34,480.34,306.74,52.05,54.75,31.96,16.17,78.29,78.88
2025-03-22,195.72,32.04,48.05,14.0,22.0,0.0,776.0,5563.0,4148.3,54.0,2174.0,43.0,1050.0,23.0,1.0,65.6,57.0,32.78,52.01,519.0,519.0,322.0,56.0,57.0,32.0,16.8,79.0,0.0
2025-03-23,195.72,32.04,48.05,6.0,29.0,0.0,791.0,6056.0,4516.4,49.0,2199.0,32.0,1042.0,14.0,1.0,65.6,56.0,35.49,52.07,494.0,494.0,330.0,51.0,57.0,33.0,17.4,82.0,73.0
2025-03-24,195.72,32.04,48.05,2.0,22.0,0.0,768.0,6733.0,5012.1,74.0,2309.0,82.0,1287.0,9.0,0.0,65.6,55.0,32.78,52.12,479.0,479.0,320.0,60.0,23.0,34.0,16.6,73.0,74.0
2025-03-25,195.72,32.04,48.05,2.0,11.0,4.0,846.0,3582.0,2669.6,22.0,2061.0,30.0,976.0,8.0,6.0,61.0,56.0,32.97,52.14,477.0,477.0,300.0,58.0,66.0,40.0,16.6,83.0,80.0
2025-03-26,195.72,32.04,48.05,0.0,1.0,0.0,911.0,4711.0,3513.9,49.0,2093.0,31.0,836.0,0.0,0.0,65.6,56.0,34.39,52.17,439.0,439.0,259.0,57.0,58.0,24.0,17.4,76.0,76.0
2025-03-27,195.72,32.04,48.05,0.0,3.0,0.0,822.0,3401.0,2517.2,54.0,2007.0,40.0,1333.0,0.0,0.0,65.6,56.0,27.42,52.13,475.0,475.0,315.0,47.0,44.0,26.0,17.6,71.0,71.0
2025-03-28,195.72,32.04,48.05,10.0,13.0,0.0,844.0,4322.0,3221.7,64.0,2186.0,43.0,1060.0,9.0,0.0,65.6,58.0,38.11,52.13,441.0,441.0,254.0,62.0,73.0,31.0,17.4,82.0,79.0
2025-03-29,195.72,32.04,48.05,0.0,2.0,0.0,875.0,3461.0,2579.5,57.0,2001.0,45.0,1115.0,0.0,0.0,59.0,56.0,26.66,52.13,441.0,441.0,264.0,65.0,62.0,28.0,17.0,78.0,76.0
2025-03-30,195.72,32.04,48.05,26.0,13.0,0.0,810.0,5474.0,4081.2,46.0,2257.0,64.0,940.0,18.0,5.0,62.0,57.0,30.54,52.16,476.0,476.0,299.0,71.0,42.0,40.0,16.6,78.0,74.0
2025-03-31,195.72,32.04,48.05,0.0,5.0,0.0,963.0,4298.0,3205.0,42.0,2002.0,27.0,914.0,2.0,0.0,57.0,56.0,35.16,52.19,375.0,375.0,279.0,23.0,24.0,26.0,16.4,69.0,73.0
2025-04-01,195.72,32.04,48.05,2.0,28.0,0.0,695.0,6454.0,4812.0,86.0,2331.0,93.0,1297.0,2.0,0.0,65.6,56.0,35.04,52.23,541.0,541.0,312.0,59.0,78.0,38.0,15.8,79.0,74.0
2025-04-02,195.72,32.04,48.05,0.0,33.0,6.0,696.0,8537.0,6365.5,98.0,2541.0,106.0,1183.0,10.0,2.0,65.6,56.0,34.58,52.28,487.0,487.0,305.0,48.0,72.0,33.0,16.6,84.0,80.0
2025-04-03,195.72,32.04,48.05,0.0,32.0,0.0,854.0,5629.0,4197.3,65.0,2189.0,65.0,746.0,7.0,0.0,65.6,55.0,36.86,52.32,433.0,433.0,298.0,33.0,23.0,24.0,17.8,68.0,74.0
2025-04-04,195.72,32.04,48.05,2.0,33.0,0.0,791.0,8088.0,5911.8,111.0,2553.0,69.0,1145.0,12.0,0.0,65.6,55.0,30.75,52.34,436.0,436.0,286.0,33.0,58.0,19.0,17.6,72.0,0.0
2025-04-05,195.72,32.04,48.05,16.0,48.0,8.0,851.0,10390.0,7597.5,199.0,2927.0,129.0,1248.0,10.0,5.0,63.0,56.94,31.86,52.42,480.34,480.34,306.74,52.05,54.75,31.96,16.17,78.29,75.0
2025-04-06,195.72,32.04,48.05,12.0,116.0,0.0,791.0,8621.0,6427.0,197.0,2877.0,159.0,1007.0,28.0,0.0,65.6,54.0,30.65,52.42,379.0,379.0,231.0,52.0,37.0,25.0,16.6,66.0,79.0
2025-04-07,195.72,32.04,48.05,8.0,32.0,0.0,694.0,5171.0,3854.9,120.0,2311.0,63.0,1296.0,15.0,0.0,65.6,56.0,41.62,52.42,574.0,574.0,365.0,60.0,70.0,43.0,17.4,82.0,81.0
2025-04-08,195.72,32.04,48.05,2.0,68.0,0.0,639.0,11718.0,8694.8,263.0,2961.0,221.0,1158.0,13.0,0.0,65.6,56.0,36.56,52.41,506.0,506.0,321.0,60.0,49.0,36.0,17.0,80.0,81.0
2025-04-09,195.72,32.04,48.05,4.0,26.0,0.0,808.0,8604.0,6417.2,185.0,2638.0,85.0,1267.0,11.0,0.0,64.0,56.0,29.27,52.38,387.0,387.0,236.0,74.0,19.0,25.0,15.4,70.0,81.0
2025-04-10,195.72,32.04,48.05,0.0,34.0,0.0,733.0,6522.0,4862.1,150.0,2440.0,112.0,1250.0,8.0,0.0,65.6,57.0,29.25,52.33,479.0,479.0,293.0,71.0,38.0,39.0,15.6,78.0,82.0
2025-04-11,195.72,32.04,48.05,4.0,68.0,0.0,788.0,8773.0,6541.3,164.0,2749.0,150.0,1205.0,30.0,0.0,65.6,57.0,38.46,52.32,378.0,378.0,266.0,34.0,34.0,33.0,16.0,78.0,85.0
2025-04-12,195.72,32.04,48.05,2.0,43.0,0.0,632.0,7619.0,5638.6,149.0,2668.0,127.0,1258.0,5.0,0.0,65.6,56.0,37.86,52.33,471.0,471.0,324.0,40.0,35.0,28.0,15.4,79.0,79.0
2025-04-13,195.72,32.04,48.05,4.0,62.0,0.0,694.0,9345.0,6968.6,270.0,2832.0,164.0,1134.0,3.0,0.0,65.6,56.0,34.24,52.36,472.0,472.0,278.0,62.0,72.0,35.0,17.2,84.0,84.0
2025-04-14,195.72,32.04,48.05,0.0,105.0,0.0,522.0,17479.0,13009.7,267.0,3478.0,341.0,1009.0,14.0,0.0,65.6,55.0,29.97,52.37,483.0,483.0,358.0,37.0,19.0,33.0,16.0,77.0,85.0
2025-04-15,195.72,32.04,48.05,4.0,52.0,0.0,616.0,11154.0,8244.4,248.0,2882.0,214.0,1094.0,10.0,0.0,65.6,56.0,32.18,52.38,529.0,529.0,335.0,63.0,67.0,36.0,29.6,88.0,90.0
2025-04-16,195.72,32.04,48.05,8.0,35.0,0.0,634.0,10642.0,7926.2,191.0,2803.0,150.0,1213.0,13.0,0.0,65.6,56.0,37.1,52.43,513.0,513.0,309.0,50.0,95.0,32.0,16.4,89.0,92.0
2025-04-17,195.72,32.04,48.05,2.0,25.0,0.0,710.0,7281.0,5415.6,117.0,2426.0,99.0,1162.0,3.0,0.0,58.0,55.0,31.52,52.47,512.0,512.0,294.0,73.0,78.0,30.0,15.8,88.0,92.0
2025-04-18,195.72,32.04,48.05,0.0,13.0,0.0,733.0,7598.0,5665.0,110.0,2445.0,63.0,1026.0,2.0,0.0,65.6,55.0,41.64,52.56,493.0,493.0,336.0,64.0,25.0,35.0,15.8,80.0,78.0
2025-04-19,195.72,32.04,48.05,14.0,45.0,6.0,660.0,13343.0,9951.8,231.0,3112.0,106.0,1152.0,15.0,8.0,65.6,54.0,27.1,52.67,455.0,455.0,276.0,76.0,47.0,23.0,15.2,82.0,83.0
2025-04-20,195.72,32.04,48.05,0.0,16.0,0.0,753.0,4759.0,3547.5,53.0,2223.0,69.0,1054.0,0.0,0.0,65.6,53.0,42.75,52.77,522.0,522.0,321.0,50.0,73.0,27.0,16.2,86.0,90.0
2025-04-21,195.72,32.04,48.05,26.0,46.0,22.0,630.0,12443.0,9010.9,188.0,3020.0,127.0,1146.0,21.0,17.0,65.6,53.0,27.69,52.82,514.0,514.0,305.0,68.0,83.0,36.0,17.4,84.0,79.0
2025-04-22,195.72,32.04,48.05,0.0,61.0,0.0,712.0,10684.0,7934.2,163.0,2852.0,131.0,1115.0,6.0,0.0,65.6,54.0,30.84,52.83,460.0,460.0,288.0,72.0,30.0,30.0,16.6,77.0,84.0
2025-04-23,195.72,32.04,48.05,0.0,41.0,0.0,725.0,6633.0,4862.4,99.0,2449.0,126.0,1098.0,4.0,0.0,65.6,54.0,36.15,52.85,483.0,483.0,317.0,52.0,51.0,34.0,16.2,81.0,84.0
2025-04-24,195.72,32.04,48.05,6.0,43.0,6.0,613.0,11297.0,8427.8,146.0,2761.0,100.0,1091.0,14.0,4.0,62.0,54.0,27.64,52.83,571.0,571.0,355.0,63.0,62.0,45.0,16.8,80.0,76.0
2025-04-25,195.72,32.04,48.05,0.0,5.0,0.0,824.0,2591.0,1930.2,54.0,1947.0,43.0,1049.0,0.0,0.0,65.6,55.0,31.97,52.79,482.0,482.0,324.0,56.0,37.0,31.0,16.6,79.0,81.0
2025-04-26,195.72,32.04,48.05,0.0,4.0,0.0,656.0,7049.0,5256.1,144.0,2378.0,40.0,1296.0,0.0,0.0,59.0,55.0,36.67,52.77,565.0,565.0,327.0,52.0,99.0,36.0,16.2,87.0,83.0
2025-04-27,195.72,32.04,48.05,6.0,53.0,0.0,672.0,10482.0,7797.7,199.0,2770.0,120.0,943.0,15.0,0.0,65.6,55.0,35.64,52.77,517.0,517.0,374.0,21.0,54.0,32.0,16.2,84.0,74.0
2025-04-28,195.72,32.04,48.05,0.0,18.0,0.0,780.0,7539.0,5620.4,115.0,2510.0,123.0,1066.0,0.0,0.0,65.6,55.0,27.06,52.7,431.0,431.0,306.0,32.0,35.0,29.0,17.0,73.0,75.0
2025-04-29,195.72,32.04,48.05,0.0,47.0,0.0,734.0,6906.0,5149.8,117.0,2509.0,151.0,1089.0,8.0,0.0,65.6,56.0,22.65,52.6,477.0,477.0,300.0,77.0,29.0,31.0,16.6,73.0,73.0
2025-04-30,195.72,32.04,48.05,10.0,15.0,0.0,703.0,6123.0,4566.1,117.0,2427.0,56.0,1049.0,6.0,1.0,65.6,57.0,36.1,52.6,548.0,548.0,358.0,58.0,66.0,36.0,15.2,87.0,81.0
2025-05-01,195.72,32.04,48.05,14.0,40.0,8.0,681.0,10639.0,7934.1,227.0,2852.0,145.0,1097.0,15.0,6.0,65.6,55.0,30.36,52.58,481.0,481.0,326.0,44.0,41.0,36.0,17.4,76.0,75.0
2025-05-02,195.72,32.04,48.05,0.0,28.0,0.0,658.0,8840.0,6592.4,105.0,2583.0,94.0,1059.0,4.0,0.0,65.6,56.0,39.42,52.59,554.0,554.0,397.0,44.0,33.0,41.0,15.2,82.0,78.0
2025-05-03,195.72,32.04,48.05,26.0,56.0,2.0,485.0,12567.0,9211.0,196.0,3193.0,171.0,1117.0,16.0,3.0,65.6,55.0,29.58,52.61,609.0,609.0,381.0,74.0,76.0,43.0,16.4,84.0,82.0
2025-05-04,195.72,32.04,48.05,8.0,13.0,0.0,753.0,7803.0,5810.7,103.0,2488.0,80.0,1035.0,11.0,0.0,65.6,55.0,32.57,52.62,466.0,466.0,287.0,51.0,70.0,24.0,15.8,85.0,87.0
2025-05-05,195.72,32.04,48.05,2.0,29.0,0.0,706.0,8016.0,5912.0,145.0,2484.0,66.0,1294.0,6.0,0.0,65.6,55.0,34.04,52.62,508.0,508.0,323.0,51.0,60.0,32.0,16.6,81.0,78.0
2025-05-06,195.72,32.04,48.05,0.0,4.0,0.0,752.0,7215.0,5380.6,97.0,2363.0,54.0,1045.0,1.0,0.0,65.6,55.0,37.46,52.64,482.0,482.0,356.0,29.0,21.0,30.0,16.2,76.0,80.0
2025-05-07,195.72,32.04,48.05,14.0,59.0,0.0,663.0,13333.0,9946.5,188.0,3132.0,186.0,1000.0,28.0,2.0,65.6,55.0,27.49,52.61,438.0,438.0,272.0,28.0,92.0,22.0,16.4,82.0,76.0
2025-05-08,195.72,32.04,48.05,0.0,26.0,0.0,651.0,6746.0,5011.0,128.0,2470.0,96.0,1153.0,0.0,0.0,65.6,56.0,34.05,52.61,582.0,582.0,385.0,53.0,58.0,48.0,17.2,82.0,81.0
2025-05-09,195.72,32.04,48.05,22.0,54.0,0.0,679.0,11840.0,8832.8,161.0,2854.0,156.0,1089.0,32.0,0.0,64.0,55.0,31.79,52.59,493.0,493.0,339.0,44.0,33.0,29.0,16.8,74.0,75.0
2025-05-10,195.72,32.04,48.05,0.0,4.0,0.0,641.0,7361.0,5480.2,100.0,2455.0,39.0,1146.0,2.0,0.0,59.0,56.0,32.68,52.62,558.0,558.0,333.0,62.0,70.0,34.0,16.6,88.0,82.0
2025-05-11,195.72,32.04,48.05,0.0,17.0,0.0,756.0,5406.0,4007.1,115.0,2294.0,74.0,1151.0,3.0,0.0,60.0,55.0,33.34,52.63,507.0,507.0,335.0,39.0,64.0,34.0,16.0,85.0,83.0
2025-05-12,195.72,32.04,48.05,0.0,6.0,0.0,757.0,2331.0,1737.0,47.0,1903.0,21.0,993.0,1.0,0.0,58.0,55.0,30.97,52.63,585.0,585.0,374.0,50.0,76.0,38.0,16.2,82.0,78.0
2025-05-13,195.72,32.04,48.05,0.0,15.0,0.0,705.0,5426.0,4045.1,79.0,2240.0,39.0,1055.0,4.0,1.0,60.0,55.0,34.49,52.67,548.0,548.0,320.0,61.0,94.0,33.0,16.0,89.0,79.0
2025-05-14,195.72,32.04,48.05,0.0,8.0,0.0,737.0,7903.0,5887.6,125.0,2631.0,73.0,1148.0,6.0,0.0,65.6,54.0,25.88,52.65,465.0,465.0,348.0,38.0,24.0,30.0,17.2,74.0,72.0
2025-05-15,195.72,32.04,48.05,8.0,45.0,2.0,747.0,8062.0,6002.5,181.0,2656.0,157.0,1166.0,9.0,3.0,65.6,55.0,22.31,52.62,458.0,458.0,290.0,37.0,61.0,23.0,16.4,78.0,77.0
2025-05-16,195.72,32.04,48.05,20.0,36.0,10.0,693.0,10620.0,7900.0,138.0,2795.0,103.0,1231.0,21.0,8.0,65.6,56.0,26.51,52.58,492.0,492.0,281.0,70.0,73.0,36.0,17.2,79.0,78.0
2025-05-17,195.72,32.04,48.05,12.0,69.0,0.0,649.0,11317.0,8380.1,253.0,2982.0,134.0,1197.0,14.0,2.0,62.0,56.0,38.76,52.63,473.0,473.0,300.0,69.0,46.0,29.0,16.4,82.0,83.0
2025-05-18,195.72,32.04,48.05,8.0,14.0,0.0,736.0,5426.0,4046.3,106.0,2302.0,58.0,1086.0,8.0,0.0,65.6,54.0,29.76,52.64,466.0,466.0,276.0,56.0,76.0,33.0,15.6,82.0,84.0
2025-05-19,195.72,32.04,48.05,14.0,22.0,4.0,617.0,8843.0,6594.1,142.0,2598.0,97.0,1031.0,10.0,5.0,65.6,55.0,27.2,52.62,552.0,552.0,388.0,35.0,58.0,37.0,16.8,80.0,80.0
2025-05-20,195.72,32.04,48.05,6.0,53.0,0.0,632.0,11936.0,8841.4,235.0,2984.0,188.0,1047.0,14.0,0.0,65.6,56.0,21.69,52.53,498.0,498.0,335.0,53.0,25.0,41.0,18.0,71.0,78.0
2025-05-21,195.72,32.04,48.05,0.0,60.0,0.0,702.0,5977.0,4455.0,131.0,2449.0,133.0,1202.0,4.0,0.0,65.6,57.0,31.41,52.48,438.0,438.0,272.0,56.0,55.0,28.0,15.8,82.0,87.0
2025-05-22,195.72,32.04,48.05,2.0,79.0,0.0,586.0,11124.0,8279.1,246.0,3101.0,236.0,1089.0,23.0,0.0,68.0,57.0,34.32,52.45,510.0,510.0,314.0,42.0,94.0,31.0,16.8,88.0,89.0
2025-05-23,195.72,32.04,48.05,130.0,188.0,10.0,549.0,21994.0,16413.7,413.0,4426.0,344.0,915.0,121.0,17.0,65.6,56.0,28.82,52.38,432.0,432.0,292.0,51.0,29.0,39.0,16.6,72.0,83.0
2025-05-24,195.72,32.04,48.05,0.0,50.0,0.0,644.0,8449.0,6229.4,139.0,2540.0,99.0,1225.0,10.0,0.0,65.6,57.0,29.4,52.3,529.0,529.0,270.0,55.0,121.0,43.0,16.8,84.0,85.0
2025-05-25,195.72,32.04,48.05,21.26,61.32,1.56,860.0,4404.0,3284.7,81.0,2033.0,26.0,1064.0,0.0,0.0,65.6,58.0,36.75,52.28,460.0,460.0,301.0,55.0,41.0,42.0,17.0,81.0,90.0
2025-05-26,195.72,32.04,48.05,0.0,4.0,0.0,807.0,4948.0,3687.1,115.0,2327.0,109.0,1272.0,0.0,0.0,64.0,57.0,31.55,52.24,421.0,421.0,246.0,62.0,58.0,31.0,16.2,80.0,85.0
2025-05-27,195.72,32.04,48.05,80.0,91.0,0.0,698.0,14656.0,10554.6,302.0,3255.0,212.0,1075.0,76.0,1.0,70.0,57.0,23.07,52.15,413.0,413.0,240.0,47.0,69.0,37.0,15.8,75.0,81.0
2025-05-28,195.72,32.04,48.05,8.0,69.0,0.0,616.0,12779.0,9526.5,303.0,3164.0,283.0,1031.0,32.0,0.0,68.0,58.0,28.76,52.06,425.0,425.0,284.0,43.0,28.0,36.0,16.8,74.0,84.0
2025-05-29,195.72,32.04,48.05,14.0,64.0,0.0,618.0,13536.0,10036.0,247.0,3131.0,323.0,1073.0,16.0,0.0,68.0,59.0,33.83,52.02,437.0,437.0,281.0,48.0,54.0,31.0,16.8,84.0,91.0
2025-05-30,195.72,32.04,48.05,100.0,205.0,66.0,382.0,17324.0,12862.8,274.0,4523.0,381.0,887.0,78.0,48.0,65.6,58.0,34.47,52.02,486.0,486.0,282.0,67.0,26.0,35.0,16.2,67.0,82.0
2025-05-31,195.72,32.04,48.05,248.0,199.0,2.0,492.0,28428.0,21218.5,512.0,4844.0,345.0,719.0,200.0,4.0,65.6,57.0,26.48,51.97,439.0,439.0,313.0,22.0,24.0,23.0,16.4,66.0,79.0
2025-06-01,195.72,32.04,48.05,0.0,34.0,0.0,818.0,5514.0,4112.1,121.0,2265.0,88.0,1150.0,1.0,0.0,61.0,58.0,35.67,51.96,448.0,448.0,274.0,65.0,44.0,37.0,16.4,79.0,77.0
2025-06-02,195.72,32.04,48.05,0.0,22.0,0.0,662.0,7951.0,5899.5,166.0,2497.0,109.0,1259.0,2.0,0.0,65.6,57.0,39.74,51.97,456.0,456.0,307.0,26.0,65.0,35.0,16.8,82.0,78.0
2025-06-03,195.72,32.04,48.05,0.0,19.0,0.0,804.0,6876.0,5126.1,101.0,2355.0,69.0,1285.0,8.0,0.0,65.6,57.0,34.66,51.99,424.0,424.0,289.0,42.0,35.0,31.0,16.0,78.0,82.0
2025-06-04,195.72,32.04,48.05,0.0,8.0,0.0,682.0,5348.0,3985.6,95.0,2273.0,87.0,1282.0,4.0,0.0,65.6,57.0,39.15,52.05,543.0,543.0,315.0,56.0,120.0,40.0,16.6,89.0,87.0
2025-06-05,195.72,32.04,48.05,16.0,23.0,0.0,774.0,6392.0,4708.2,72.0,2252.0,72.0,1312.0,16.0,0.0,65.6,56.0,32.69,52.09,494.0,494.0,315.0,67.0,49.0,36.0,16.0,81.0,82.0
2025-06-06,195.72,32.04,48.05,0.0,88.0,0.0,604.0,13832.0,10265.6,202.0,3199.0,272.0,1063.0,20.0,0.0,65.6,56.0,33.54,52.14,455.0,455.0,285.0,58.0,39.0,32.0,15.8,80.0,79.0
2025-06-07,195.72,32.04,48.05,0.0,27.0,0.0,535.0,7512.0,5557.9,116.0,2489.0,170.0,1250.0,1.0,0.0,65.6,56.0,24.57,52.15,564.0,564.0,367.0,66.0,64.0,49.0,16.6,82.0,76.0
2025-06-08,195.72,32.04,48.05,4.0,48.0,0.0,763.0,6725.0,4990.4,86.0,2437.0,164.0,1103.0,8.0,0.0,65.6,56.0,33.86,52.2,457.0,457.0,303.0,72.0,28.0,37.0,16.4,81.0,80.0
2025-06-09,195.72,32.04,48.05,16.0,34.0,0.0,775.0,6156.0,4589.7,101.0,2446.0,129.0,1227.0,13.0,3.0,65.6,55.0,34.41,52.21,432.0,432.0,248.0,64.0,67.0,31.0,16.6,84.0,84.0
2025-06-10,195.72,32.04,48.05,14.0,50.0,0.0,642.0,11360.0,8473.6,199.0,2859.0,142.0,1161.0,17.0,5.0,65.6,56.0,30.25,52.21,522.0,522.0,313.0,71.0,62.0,37.0,16.4,86.0,83.0
2025-06-11,195.72,32.04,48.05,14.0,31.0,0.0,789.0,6047.0,4487.2,84.0,2277.0,68.0,1312.0,10.0,2.0,65.6,56.0,29.02,52.19,471.0,471.0,322.0,56.0,34.0,36.0,16.0,79.0,80.0
2025-06-12,195.72,32.04,48.05,12.0,56.0,4.0,812.0,7318.0,5456.4,73.0,2550.0,135.0,1085.0,24.0,5.0,65.6,57.0,31.73,52.18,421.0,421.0,269.0,40.0,40.0,29.0,15.6,76.0,81.0
2025-06-13,195.72,32.04,48.05,30.0,113.0,0.0,650.0,16877.0,12591.6,259.0,3676.0,318.0,921.0,53.0,0.0,65.6,57.0,25.41,52.09,359.0,359.0,258.0,17.0,41.0,24.0,16.0,71.0,76.0
2025-06-14,195.72,32.04,48.05,20.0,24.0,0.0,688.0,11077.0,8264.1,235.0,2748.0,154.0,1019.0,12.0,0.0,65.6,58.0,27.61,52.0,490.0,490.0,309.0,61.0,21.0,34.0,15.8,73.0,76.0
2025-06-15,195.72,32.04,48.05,30.0,53.0,0.0,616.0,14058.0,10467.9,218.0,2959.0,113.0,1095.0,42.0,0.0,65.6,59.0,39.68,51.98,502.0,502.0,321.0,57.0,53.0,34.0,16.6,81.0,86.0
2025-06-16,195.72,32.04,48.05,28.0,67.0,6.0,748.0,9475.0,7045.5,121.0,2620.0,104.0,1237.0,32.0,6.0,65.6,57.0,34.54,52.01,472.0,472.0,304.0,51.0,62.0,39.0,16.6,83.0,84.0
2025-06-17,195.72,32.04,48.05,4.0,9.0,0.0,636.0,8956.0,6735.4,125.0,2537.0,86.0,1239.0,11.0,0.0,60.0,56.0,37.57,52.05,520.0,520.0,309.0,82.0,55.0,35.0,16.8,86.0,83.0
2025-06-18,195.72,32.04,48.05,14.0,8.0,0.0,789.0,4524.0,3415.7,65.0,2158.0,53.0,1341.0,9.0,0.0,65.6,56.0,38.41,52.13,478.0,478.0,284.0,53.0,52.0,33.0,15.8,78.0,80.0
2025-06-19,195.72,32.04,48.05,2.0,31.0,0.0,693.0,11061.0,8243.5,152.0,2679.0,96.0,1203.0,7.0,0.0,65.6,55.0,35.64,52.2,420.0,420.0,238.0,58.0,51.0,30.0,15.8,75.0,78.0
2025-06-20,195.72,32.04,48.05,20.0,60.0,4.0,607.0,16785.0,12507.0,279.0,3199.0,148.0,1162.0,30.0,4.0,65.6,55.0,35.42,52.26,491.0,491.0,291.0,42.0,77.0,23.0,14.8,84.0,87.0
2025-06-21,195.72,32.04,48.05,122.0,270.0,0.0,477.0,24816.0,18521.1,314.0,4776.0,489.0,723.0,141.0,0.0,65.6,55.0,34.35,52.27,406.0,406.0,255.0,63.0,29.0,25.0,16.8,75.0,80.0
2025-06-22,195.72,32.04,48.05,30.0,30.0,0.0,689.0,6227.0,4642.8,52.0,2414.0,60.0,1220.0,41.0,0.0,65.6,56.0,24.66,52.22,480.0,480.0,328.0,77.0,9.0,38.0,0.0,67.0,65.0
2025-06-23,195.72,32.04,48.05,0.0,19.0,0.0,711.0,6884.0,5077.2,95.0,2385.0,107.0,1213.0,0.0,0.0,65.6,57.0,30.68,52.11,489.0,489.0,364.0,20.0,38.0,35.0,17.6,75.0,80.0
2025-06-24,195.72,32.04,48.05,0.0,29.0,0.0,763.0,7085.0,5250.4,66.0,2410.0,116.0,1229.0,0.0,0.0,65.6,59.0,31.9,52.04,416.0,416.0,279.0,43.0,41.0,30.0,16.2,78.0,78.0
2025-06-25,195.72,32.04,48.05,6.0,48.0,0.0,705.0,8428.0,6256.0,113.0,2560.0,127.0,1033.0,26.0,0.0,65.6,58.0,27.55,51.96,465.0,465.0,297.0,47.0,60.0,33.0,16.0,80.0,80.0
2025-06-26,195.72,32.04,48.05,21.26,61.32,1.56,1077.0,475.0,353.7,7.0,1641.0,1.0,544.0,0.0,0.0,65.6,59.0,28.8,51.89,338.0,338.0,198.0,39.0,54.0,18.0,16.2,78.0,84.0
2025-06-27,195.72,32.04,48.05,4.0,33.0,2.0,625.0,11292.0,8419.8,124.0,2795.0,221.0,1117.0,13.0,3.0,65.6,59.0,34.74,51.87,489.0,489.0,305.0,53.0,65.0,35.0,16.2,83.0,0.0
2025-06-28,195.72,32.04,48.05,12.0,101.0,2.0,521.0,16000.0,11958.2,146.0,3198.0,247.0,1070.0,27.0,1.0,65.6,58.0,28.31,51.86,535.0,535.0,308.0,48.0,88.0,26.0,16.4,85.0,82.0
2025-06-29,195.72,32.04,48.05,8.0,49.0,0.0,792.0,7681.0,5725.4,127.0,2538.0,153.0,1135.0,11.0,0.0,65.6,58.0,27.83,51.82,365.0,365.0,274.0,8.0,27.0,22.0,17.6,70.0,81.0
2025-06-30,195.72,32.04,48.05,12.0,32.0,0.0,687.0,8032.0,5987.0,92.0,2460.0,139.0,1265.0,10.0,0.0,64.0,58.0,33.21,51.8,486.0,486.0,351.0,45.0,30.0,37.0,16.4,80.0,84.0
2025-07-01,195.72,32.04,48.05,4.0,47.0,8.0,652.0,8080.0,5993.4,120.0,2675.0,191.0,1171.0,5.0,7.0,65.6,58.0,30.7,51.8,491.0,491.0,335.0,45.0,40.0,27.0,17.0,78.0,76.0
2025-07-02,195.72,32.04,48.05,16.0,88.0,0.0,600.0,10739.0,7994.9,92.0,2841.0,173.0,1032.0,32.0,0.0,65.0,58.0,33.47,51.83,522.0,522.0,337.0,27.0,106.0,33.0,16.4,89.0,87.0
2025-07-03,195.72,32.04,48.05,20.0,10.0,0.0,722.0,6894.0,5089.0,100.0,2436.0,101.0,1225.0,11.0,3.0,65.6,57.0,30.41,51.84,456.0,456.0,216.0,83.0,117.0,26.0,16.2,85.0,91.0
2025-07-04,195.72,32.04,48.05,12.0,77.0,0.0,654.0,12519.0,9359.98,83.0,2762.0,203.0,1196.0,12.0,1.0,65.6,57.0,28.53,51.88,469.0,469.0,297.0,44.0,72.0,31.0,15.8,86.0,81.0
2025-07-05,195.72,32.04,48.05,72.0,130.0,4.0,683.0,19452.0,14466.8,228.0,3553.0,253.0,1042.0,67.0,12.0,65.6,56.0,30.72,51.88,379.0,379.0,239.0,32.0,55.0,27.0,16.2,76.0,86.0
2025-07-06,195.72,32.04,48.05,82.0,119.0,10.0,495.0,19925.0,13808.1,253.0,3377.0,162.0,1176.0,83.0,7.0,65.6,57.0,23.15,51.87,591.0,591.0,366.0,56.0,75.0,50.0,17.2,80.0,83.0
2025-07-07,195.72,32.04,48.05,26.0,90.0,0.0,576.0,16862.0,11192.3,249.0,3108.0,154.0,1214.0,49.0,0.0,63.0,58.0,32.89,51.86,539.0,539.0,355.0,41.0,66.0,44.0,16.8,86.0,87.0
2025-07-08,195.72,32.04,48.05,18.0,110.0,4.0,629.0,15070.0,10105.5,102.0,3145.0,236.0,1123.0,36.0,5.0,65.6,58.0,36.14,51.85,423.0,423.0,274.0,44.0,54.0,25.0,15.8,82.0,89.0
2025-07-09,195.72,32.04,48.05,10.0,24.0,0.0,778.0,5553.0,4228.3,95.06,2134.0,96.0,1146.0,8.0,2.0,65.6,58.0,24.73,51.82,505.0,505.0,281.0,59.0,106.0,37.0,17.0,87.0,87.0
2025-07-10,195.72,32.04,48.05,8.0,40.0,0.0,733.0,6018.0,4485.1,95.06,2296.0,131.0,1284.0,11.0,0.0,65.6,58.0,34.73,51.83,508.0,508.0,333.0,35.0,66.0,39.0,15.8,81.0,85.0
2025-07-11,195.72,32.04,48.05,92.0,49.0,0.0,663.0,11469.0,8555.9,95.06,2843.0,248.0,1119.0,54.0,0.0,65.6,57.0,30.64,51.82,473.0,473.0,321.0,35.0,40.0,29.0,16.0,79.0,78.0
2025-07-12,195.72,32.04,48.05,10.0,27.0,4.0,713.0,6586.0,4931.1,95.06,2317.0,160.0,1255.0,10.0,5.0,65.6,58.0,26.34,51.78,516.0,516.0,356.0,52.0,36.0,29.0,16.0,83.0,78.0
2025-07-13,195.72,32.04,48.05,10.0,38.0,0.0,800.0,7060.0,5264.46,95.06,2295.0,121.0,914.0,14.0,0.0,65.0,59.0,33.55,51.8,445.0,445.0,255.0,51.0,86.0,24.0,16.4,86.0,81.0
2025-07-14,195.72,32.04,48.05,6.0,43.0,0.0,688.0,8034.0,6003.6,95.06,2553.0,188.0,1224.0,7.0,0.0,65.6,57.0,30.49,51.8,444.0,444.0,266.0,38.0,73.0,34.0,15.6,83.0,82.0
2025-07-15,195.72,32.04,48.05,86.0,113.0,0.0,636.0,15250.0,11373.83,95.06,3134.0,258.0,920.0,74.0,2.0,65.6,57.0,32.12,51.78,441.0,441.0,293.0,34.0,52.0,30.0,16.2,81.0,80.0
2025-07-16,195.72,32.04,48.05,2.0,42.0,0.0,737.0,8551.0,6378.4,95.06,2382.0,181.0,1242.0,5.0,0.0,65.6,58.0,35.01,51.79,461.0,461.0,280.0,36.0,80.0,26.0,15.6,84.0,79.0
2025-07-17,237.0,103.0,84.0,14.0,118.0,0.0,477.0,21129.0,15757.8,95.06,3306.0,333.0,965.0,21.0,0.0,69.0,57.0,30.68,51.79,502.0,502.0,351.0,36.0,39.0,31.0,16.4,77.0,80.0
2025-07-18,198.0,92.0,61.0,18.0,110.0,0.0,515.0,15578.0,11614.1,95.06,3036.0,278.0,1097.0,17.0,1.0,65.6,57.0,38.03,51.84,568.0,568.0,351.0,59.0,78.0,40.0,17.0,83.0,78.0
2025-07-19,283.0,40.0,22.0,6.0,41.0,0.0,609.0,15816.0,11964.15,95.06,2865.0,148.0,736.0,8.0,0.0,67.0,56.0,39.8,51.9,496.0,496.0,321.0,27.0,78.0,30.0,16.4,83.0,85.0
2025-07-20,193.0,52.0,14.0,4.0,3.0,0.0,1182.0,8548.0,6336.52,95.06,2332.0,25.0,324.0,3.0,0.0,65.6,56.94,31.86,51.98,480.34,480.34,306.74,52.05,54.75,31.96,16.17,78.29,78.88
2025-07-21,149.0,29.0,4.0,0.0,28.0,0.0,730.0,5057.0,3770.4,95.06,2210.0,97.0,1336.0,1.0,0.0,65.6,56.0,40.7,52.03,502.0,502.0,292.0,81.0,73.0,41.0,16.4,90.0,0.0
2025-07-22,233.0,69.0,120.0,34.0,177.0,0.0,504.0,19812.0,14781.9,95.06,3423.0,332.0,1018.0,57.0,1.0,73.0,56.0,28.64,52.04,494.0,494.0,324.0,68.0,40.0,36.0,16.6,80.0,75.0
2025-07-23,255.0,11.0,14.0,2.0,36.0,0.0,683.0,7611.0,5668.2,95.06,2404.0,148.0,1267.0,8.0,0.0,63.0,57.0,33.4,52.0,471.0,471.0,293.0,60.0,49.0,34.0,17.2,80.0,76.0
2025-07-24,190.0,24.0,25.0,16.0,53.0,0.0,690.0,8799.0,6562.0,95.06,2519.0,201.0,1209.0,17.0,0.0,65.6,58.0,31.45,51.97,498.0,498.0,332.0,71.0,22.0,40.0,16.2,78.0,77.0
2025-07-25,291.0,8.0,4.0,6.0,64.0,0.0,603.0,7267.0,5458.8,95.06,2539.0,188.0,1238.0,8.0,0.0,65.6,58.0,36.13,51.98,462.0,462.0,308.0,52.0,46.0,35.0,16.4,82.0,81.0
2025-07-26,176.0,150.0,209.0,36.0,353.0,0.0,514.0,26459.0,19745.72,95.06,4218.0,472.0,832.0,120.0,0.0,65.6,57.0,31.33,51.97,391.0,391.0,239.0,44.0,31.0,18.0,16.8,72.0,79.0
2025-07-27,105.0,37.0,28.0,0.0,55.0,0.0,751.0,6349.0,4913.98,95.06,2240.0,108.0,597.0,7.0,0.0,65.6,57.0,34.69,51.97,518.0,518.0,281.0,81.0,90.0,36.0,17.2,88.0,80.0
2025-07-28,198.0,34.0,33.0,16.0,43.0,2.0,664.0,7882.0,5874.9,95.06,2501.0,158.0,1250.0,19.0,2.0,65.6,57.0,34.62,51.95,445.0,445.0,268.0,53.0,62.0,31.0,16.4,83.0,0.0
2025-07-29,125.0,43.0,81.0,18.0,61.0,0.0,772.0,13191.0,9845.6,95.06,2695.0,214.0,1192.0,24.0,0.0,65.6,58.0,31.88,51.94,411.0,411.0,250.0,46.0,45.0,29.0,15.8,78.0,78.0
2025-07-30,207.0,29.0,21.0,26.0,61.0,0.0,690.0,9326.0,6979.36,95.06,2546.0,184.0,1179.0,26.0,2.0,66.0,57.0,32.62,51.89,488.0,488.0,332.0,57.0,39.0,37.0,16.4,80.0,82.0
2025-07-31,173.0,13.0,27.0,6.0,41.0,0.0,744.0,7969.0,5939.91,95.06,2336.0,134.0,1092.0,6.0,0.0,65.6,58.0,33.45,51.85,481.0,481.0,338.0,23.0,53.0,28.0,16.2,80.0,84.0
2025-08-01,214.0,101.0,198.0,100.0,228.0,0.0,517.0,25000.0,18656.3,95.06,4046.0,389.0,904.0,137.0,2.0,65.6,58.0,29.67,51.77,405.0,405.0,276.0,36.0,45.0,27.0,15.2,78.0,84.0
2025-08-02,178.0,28.0,22.0,0.0,53.0,0.0,704.0,8128.0,6041.97,95.06,2366.0,151.0,1195.0,2.0,0.0,65.6,59.0,31.75,51.75,505.0,505.0,385.0,46.0,18.0,26.0,15.6,83.0,76.0
2025-08-03,213.0,31.0,29.0,4.0,49.0,0.0,662.0,9260.0,6904.0,95.06,2498.0,149.0,1277.0,8.0,0.0,65.6,58.0,44.26,51.81,487.0,487.0,353.0,46.0,26.0,34.0,16.2,79.0,80.0
2025-08-04,116.0,36.0,7.0,8.0,45.0,0.0,740.0,4997.0,3744.9,95.06,2169.0,121.0,1156.0,5.0,0.0,65.6,56.0,32.08,51.83,446.0,446.0,269.0,51.0,77.0,30.0,15.8,85.0,81.0
2025-08-05,194.0,34.0,20.0,2.0,58.0,0.0,686.0,9139.0,6815.0,95.06,2497.0,166.0,1256.0,9.0,0.0,65.6,57.0,33.42,51.84,501.0,501.0,311.0,72.0,44.0,34.0,16.0,80.0,79.0
2025-08-06,195.0,29.0,24.0,18.0,40.0,0.0,670.0,7461.0,5560.3,95.06,2410.0,145.0,1262.0,19.0,0.0,65.6,57.0,32.12,51.82,450.0,450.0,315.0,20.0,53.0,33.0,15.8,80.0,80.0
2025-08-07,198.0,13.0,35.0,28.0,45.0,0.0,730.0,9653.0,7459.84,95.06,2609.0,157.0,1103.0,24.0,2.0,65.6,58.0,32.88,51.84,453.0,453.0,268.0,51.0,73.0,30.0,16.2,86.0,87.0
2025-08-08,179.0,139.0,97.0,20.0,186.0,0.0,565.0,18326.0,13675.1,95.06,3383.0,401.0,995.0,35.0,0.0,65.6,57.0,31.84,51.85,455.0,455.0,284.0,59.0,53.0,29.0,15.6,82.0,86.0
2025-08-09,155.0,16.0,83.0,0.0,95.0,0.0,642.0,13828.0,10307.2,95.06,2676.0,148.0,1264.0,18.0,0.0,64.0,57.0,29.85,51.86,541.0,541.0,320.0,69.0,74.0,38.0,16.6,85.0,83.0
2025-08-10,181.0,18.0,6.0,8.0,22.0,0.0,773.0,5803.0,4368.3,95.06,2271.0,112.0,1312.0,7.0,0.0,62.0,57.0,38.43,51.94,453.0,453.0,294.0,65.0,20.0,29.0,14.8,78.0,80.0
2025-08-11,169.0,25.0,11.0,0.0,34.0,0.0,570.0,6294.0,4693.7,95.06,2272.0,89.0,1339.0,2.0,0.0,65.6,55.0,30.6,51.99,593.0,593.0,381.0,53.0,61.0,36.0,16.4,78.0,70.0
2025-08-12,161.0,28.0,37.0,8.0,58.0,0.0,753.0,8629.0,6434.1,95.06,2495.0,147.0,1255.0,23.0,0.0,65.6,56.0,33.21,52.04,460.0,460.0,318.0,46.0,22.0,31.0,16.2,77.0,76.0
2025-08-13,230.0,20.0,28.0,12.0,59.0,0.0,666.0,9693.0,7191.4,95.06,2578.0,188.0,1226.0,20.0,0.0,67.0,56.0,26.61,52.0,494.0,494.0,323.0,34.0,53.0,37.0,16.4,79.0,80.0
2025-08-14,177.0,30.0,48.0,4.0,80.0,0.0,719.0,9954.0,7497.0,95.06,2592.0,179.0,1229.0,19.0,0.0,65.6,58.0,28.41,51.92,463.0,463.0,273.0,56.0,77.0,34.0,16.4,83.0,81.0
2025-08-15,218.0,96.0,179.0,10.0,226.0,0.0,545.0,28438.0,21220.84,95.06,3837.0,458.0,909.0,57.0,0.0,65.6,59.0,22.84,51.76,399.0,399.0,240.0,55.0,50.0,24.0,16.2,77.0,81.0
2025-08-16,195.72,32.04,48.05,10.0,27.0,2.0,696.0,9908.0,7385.16,95.06,2379.0,84.0,1006.0,18.0,1.0,65.6,61.0,26.08,51.66,527.0,527.0,326.0,69.0,67.0,41.0,16.4,86.0,82.0
2025-08-17,195.72,32.04,48.05,12.0,21.0,0.0,511.0,5107.0,3802.5,95.06,1731.0,164.87,1101.52,26.28,2.08,64.0,60.0,31.86,51.64,480.34,480.34,306.74,52.05,54.75,31.96,15.4,81.0,85.0
